Name,Symbol,Exchange,LastPrice,Change,ChangePercent,TimeStamp,MSDate,MarketCap,Volume,ChangeYTD,ChangePercentYTD,High,Low,Open
"China Lodging Group, Limited",HTHT,NASDAQ,94,75,63,3/21/2021,77,75,17,93,11,58,68,82
Capital Bank Financial Corp.,CBF,NASDAQ,56,74,96,11/25/2021,55,94,13,19,38,76,92,99
UNITIL Corporation,UTL,NYSE,85,66,83,11/27/2021,66,67,65,31,69,9,58,88
STMicroelectronics N.V.,STM,NYSE,42,28,18,6/16/2021,47,38,73,45,78,78,31,100
"Profire Energy, Inc.",PFIE,NASDAQ,17,11,24,6/19/2021,63,32,2,91,84,51,80,80
"Biomerica, Inc.",BMRA,NASDAQ,27,66,29,4/4/2021,5,33,85,13,45,21,22,65
"Threshold Pharmaceuticals, Inc.",THLD,NASDAQ,44,25,50,10/16/2021,53,62,4,89,20,96,88,63
"American Assets Trust, Inc.",AAT,NYSE,96,65,7,1/18/2021,67,64,70,96,90,75,22,94
"Banco Santander, S.A.",SAN^B,NYSE,86,58,52,10/31/2021,90,35,14,90,66,96,39,19
Central Garden & Pet Company,CENT,NASDAQ,83,8,24,1/7/2022,89,27,50,26,7,11,72,100
Dell Technologies Inc.,DVMT,NYSE,100,97,26,2/12/2021,41,46,9,52,61,19,21,82
"Five Prime Therapeutics, Inc.",FPRX,NASDAQ,60,18,59,5/9/2021,46,98,83,4,90,64,72,60
Bright Scholar Education Holdings Limited,BEDU,NYSE,55,52,85,12/13/2021,46,72,58,87,54,97,86,25
"Century Casinos, Inc.",CNTY,NASDAQ,40,13,78,1/29/2021,24,35,38,97,62,60,53,14
First Trust NASDAQ Global Auto Index Fund,CARZ,NASDAQ,58,35,87,3/21/2021,65,53,14,77,65,97,34,26
MFC Bancorp Ltd.,MFCB,NYSE,51,63,88,2/3/2021,91,28,59,40,50,9,49,74
Pattern Energy Group Inc.,PEGI,NASDAQ,87,86,34,4/30/2021,12,14,59,60,63,6,97,49
Greif Bros. Corporation,GEF.B,NYSE,8,95,60,12/31/2021,35,1,58,49,83,35,8,98
"Northwest Bancshares, Inc.",NWBI,NASDAQ,98,5,5,6/24/2021,63,85,32,58,76,6,55,18
Acco Brands Corporation,ACCO,NYSE,39,81,89,5/1/2021,9,92,47,4,28,79,69,81
Constellation Brands Inc,STZ.B,NYSE,38,87,30,9/9/2021,83,48,57,54,83,3,44,87
ProShares UltraShort Nasdaq Biotechnology,BIS,NASDAQ,26,74,61,10/12/2021,6,33,10,69,52,55,95,23
"Chembio Diagnostics, Inc.",CEMI,NASDAQ,29,53,87,7/15/2021,29,70,25,91,99,50,11,91
Gladstone Investment Corporation,GAINO,NASDAQ,84,81,39,2/7/2021,83,98,86,67,41,97,56,100
"Advanced Emissions Solutions, Inc.",ADES,NASDAQ,35,13,80,5/2/2021,19,26,39,63,16,15,87,76
People's Utah Bancorp,PUB,NASDAQ,24,43,88,8/25/2021,26,14,75,25,40,85,99,85
Chesapeake Lodging Trust,CHSP,NYSE,76,26,80,9/11/2021,93,83,18,16,37,15,98,83
"SenesTech, Inc.",SNES,NASDAQ,61,10,99,4/30/2021,99,43,38,38,76,78,2,8
"Forest City Realty Trust, Inc.",FCE.A,NYSE,6,50,14,2/11/2021,1,32,64,66,22,45,35,76
Vanguard Total International Stock ETF,VXUS,NASDAQ,25,71,28,8/9/2021,26,89,16,28,49,57,36,40
"Mid-America Apartment Communities, Inc.",MAA,NYSE,85,21,30,3/29/2021,92,2,6,72,34,87,54,46
First Trust China AlphaDEX Fund,FCA,NASDAQ,91,14,31,4/21/2021,16,45,29,85,75,9,38,20
Carvana Co.,CVNA,NYSE,88,73,22,12/8/2021,38,27,1,69,73,20,31,29
Allegiant Travel Company,ALGT,NASDAQ,96,46,29,4/7/2021,89,59,48,39,53,16,30,54
VanEck Vectors Generic Drugs ETF,GNRX,NASDAQ,80,19,10,9/5/2021,79,21,10,99,43,94,80,59
AMC Networks Inc.,AMCX,NASDAQ,85,33,78,4/29/2021,15,60,19,16,7,1,52,10
Xperi Corporation,XPER,NASDAQ,36,4,55,12/19/2021,98,98,72,37,49,8,97,10
"Zimmer Biomet Holdings, Inc.",ZBH,NYSE,96,9,44,9/18/2021,51,71,43,46,57,18,49,40
State Auto Financial Corporation,STFC,NASDAQ,58,68,32,9/6/2021,49,94,8,32,6,24,57,90
"Atlas Financial Holdings, Inc.",AFH,NASDAQ,46,15,3,1/21/2021,53,69,52,4,19,38,22,28
UNIVERSAL INSURANCE HOLDINGS INC,UVE,NYSE,55,58,39,9/16/2021,33,5,12,63,14,37,78,15
Global Eagle Entertainment Inc.,ENT,NASDAQ,40,9,23,11/18/2021,82,71,86,30,92,90,51,24
"Dominion Energy, Inc.",DCUC,NYSE,67,57,99,8/6/2021,33,63,96,25,81,70,19,93
"AquaBounty Technologies, Inc.",AQB,NASDAQ,9,14,95,7/11/2021,50,74,72,53,24,19,3,53
Quantum Corporation,QTM,NYSE,39,7,36,9/9/2021,76,95,68,76,32,87,57,3
"M I Acquisitions, Inc.",MACQ,NASDAQ,97,4,31,6/29/2021,21,59,49,14,54,99,12,3
OFG Bancorp,OFG^B,NYSE,52,26,17,8/24/2021,64,55,15,68,46,32,4,80
Janus Henderson SG Global Quality Income ETF,SGQI,NASDAQ,96,65,51,2/6/2021,80,41,65,1,60,6,75,34
Tekla Healthcare Investors,HQH,NYSE,9,81,48,2/2/2021,57,71,1,84,24,3,82,52
Darling Ingredients Inc.,DAR,NYSE,40,49,34,9/14/2021,18,5,97,60,44,78,48,88
Amec Plc Ord,AMFW,NYSE,55,34,54,5/31/2021,25,60,100,98,87,41,49,17
Mesoblast Limited,MESO,NASDAQ,33,88,62,6/9/2021,86,60,67,92,44,74,26,94
Koninklijke Philips N.V.,PHG,NYSE,77,63,35,2/9/2021,90,1,29,97,59,3,92,32
Nuveen Massachusetts Municipal Income Fund,NMT,NYSE,64,45,21,1/13/2022,65,51,98,45,62,8,66,61
Silver Run Acquisition Corporation II,SRUNU,NASDAQ,66,28,98,1/11/2022,33,83,96,33,60,58,48,61
"ViewRay, Inc.",VRAY,NASDAQ,59,21,12,1/22/2021,64,48,96,78,77,54,99,65
"EnLink Midstream, LLC",ENLC,NYSE,28,9,31,2/9/2021,95,68,13,76,90,99,48,33
"Envestnet, Inc",ENV,NYSE,90,92,50,9/18/2021,35,22,41,94,100,8,32,75
"Rudolph Technologies, Inc.",RTEC,NYSE,21,71,100,7/24/2021,56,78,16,1,90,9,67,84
"Valhi, Inc.",VHI,NYSE,35,39,39,12/1/2021,60,94,30,73,74,22,2,94
K12 Inc,LRN,NYSE,60,80,74,3/4/2021,25,26,37,88,1,10,44,31
Nevro Corp.,NVRO,NYSE,6,63,8,8/23/2021,89,69,39,99,1,44,98,47
"LivePerson, Inc.",LPSN,NASDAQ,2,82,22,10/28/2021,15,58,83,31,78,25,82,99
"LightPath Technologies, Inc.",LPTH,NASDAQ,25,33,10,4/4/2021,12,67,50,11,16,52,57,16
"Gaia, Inc.",GAIA,NASDAQ,96,80,40,5/7/2021,11,66,95,25,57,93,29,40
"CalAtlantic Group, Inc.",CAA,NYSE,86,27,14,2/4/2021,72,6,68,94,87,72,85,25
Sears Holdings Corporation,SHLD,NASDAQ,90,72,35,4/21/2021,88,79,8,53,43,37,9,43
"RTI Surgical, Inc.",RTIX,NASDAQ,34,56,85,9/7/2021,3,13,20,96,93,93,20,55
"M I Acquisitions, Inc.",MACQU,NASDAQ,43,82,8,12/19/2021,49,8,44,79,81,15,74,28
Franco-Nevada Corporation,FNV,NYSE,92,69,58,9/20/2021,56,96,93,11,61,32,83,73
"SunCoke Energy Partners, L.P.",SXCP,NYSE,16,4,1,1/22/2021,55,8,96,14,91,17,22,89
Nuven Mortgage Opportunity Term Fund 2,JMT,NYSE,11,41,16,6/30/2021,50,51,65,77,2,72,99,14
"SuperCom, Ltd.",SPCB,NASDAQ,62,35,70,3/13/2021,3,92,78,18,63,80,20,30
Lockheed Martin Corporation,LMT,NYSE,60,58,53,3/1/2021,93,11,84,99,3,29,26,45
AC Immune SA,ACIU,NASDAQ,23,74,49,8/1/2021,30,6,80,54,96,41,75,50
"Kirkland's, Inc.",KIRK,NASDAQ,64,52,56,10/31/2021,52,60,97,64,26,43,29,67
"Rapid7, Inc.",RPD,NASDAQ,64,3,64,7/25/2021,20,52,31,48,28,5,73,64
Taitron Components Incorporated,TAIT,NASDAQ,17,60,71,6/1/2021,82,5,55,43,9,24,92,8
FIRST REPUBLIC BANK,FRC^G,NYSE,12,31,70,6/2/2021,96,54,59,67,13,9,47,56
"Curis, Inc.",CRIS,NASDAQ,6,73,38,6/3/2021,62,93,40,54,76,85,46,73
NIC Inc.,EGOV,NASDAQ,58,50,91,1/7/2022,95,54,76,79,25,85,10,42
"Energy XXI Gulf Coast, Inc.",EXXI,NASDAQ,60,38,86,1/1/2022,95,66,99,25,61,3,98,83
"support.com, Inc.",SPRT,NASDAQ,95,63,27,11/11/2021,51,1,62,67,4,32,94,23
"Bankwell Financial Group, Inc.",BWFG,NASDAQ,46,79,55,1/7/2022,31,70,83,33,39,45,82,21
"Shell Midstream Partners, L.P.",SHLX,NYSE,26,12,82,11/30/2021,58,55,84,41,32,3,15,73
Akers Biosciences Inc,AKER,NASDAQ,90,29,95,7/8/2021,51,65,48,47,3,42,67,31
First Trust Dorsey Wright Focus 5 ETF,FV,NASDAQ,44,39,79,12/28/2021,56,63,27,57,32,48,89,86
Anika Therapeutics Inc.,ANIK,NASDAQ,71,17,60,12/7/2021,69,74,92,42,47,72,92,84
Reynolds American Inc,RAI,NYSE,20,32,47,10/19/2021,87,50,92,36,47,8,88,4
"Oclaro, Inc.",OCLR,NASDAQ,37,50,84,6/4/2021,92,9,28,27,95,48,71,74
Guggenheim Taxable Municipal Managed Duration Trst,GBAB,NYSE,50,19,32,5/12/2021,85,6,76,31,37,96,70,33
"GTY Technology Holdings, Inc.",GTYHW,NASDAQ,52,55,86,9/4/2021,57,2,88,19,32,12,80,60
Pacific Special Acquisition Corp.,PAAC,NASDAQ,59,19,88,9/30/2021,59,50,22,40,40,57,42,97
Arch Capital Group Ltd.,ACGLP,NASDAQ,40,25,100,10/4/2021,46,45,47,54,79,57,26,25
"Celsius Holdings, Inc.",CELH,NASDAQ,24,36,40,9/25/2021,7,14,82,15,42,6,73,85
Chatham Lodging Trust (REIT),CLDT,NYSE,70,19,84,5/15/2021,4,94,37,58,91,73,18,61
Nuveen Select Tax Free Income Portfolio III,NXR,NYSE,83,66,9,12/13/2021,87,66,48,22,7,44,7,9
"USLIFE Income Fund, Inc.",BIF,NYSE,28,12,100,9/26/2021,84,34,24,11,84,88,10,58
"Choice Hotels International, Inc.",CHH,NYSE,16,99,66,8/28/2021,22,3,44,50,12,33,61,11
Pacific Drilling S.A.,PACD,NYSE,80,41,61,10/23/2021,58,13,79,28,29,100,46,53
"Sabra Healthcare REIT, Inc.",SBRAP,NASDAQ,65,55,84,3/19/2021,76,97,20,81,83,5,26,97
Scorpio Tankers Inc.,SBBC,NYSE,87,84,57,3/23/2021,38,15,37,74,93,59,52,6
"Intevac, Inc.",IVAC,NASDAQ,97,34,41,3/7/2021,99,61,53,61,78,59,33,36
"CatchMark Timber Trust, Inc.",CTT           ,NYSE,75,35,60,8/29/2021,26,26,95,53,81,51,44,4
"Eagle Bancorp, Inc.",EGBN,NASDAQ,4,5,6,7/31/2021,14,28,54,40,30,16,83,52
"Liberty Expedia Holdings, Inc.",LEXEB,NASDAQ,39,84,28,9/12/2021,45,10,60,58,74,13,71,18
Rosetta Stone,RST,NYSE,61,67,61,10/2/2021,87,94,27,25,42,85,68,15
"HV Bancorp, Inc.",HVBC,NASDAQ,52,43,74,10/22/2021,26,15,38,84,59,9,98,28
Ohio Valley Banc Corp.,OVBC,NASDAQ,80,2,75,5/18/2021,81,20,1,52,29,86,24,19
"Intuitive Surgical, Inc.",ISRG,NASDAQ,15,98,88,8/11/2021,84,23,17,60,43,35,34,74
ChinaCache International Holdings Ltd.,CCIH,NASDAQ,53,36,43,3/12/2021,41,52,11,33,59,12,27,18
"GTx, Inc.",GTXI,NASDAQ,71,34,100,8/15/2021,18,59,94,42,51,24,55,5
"Wayside Technology Group, Inc.",WSTG,NASDAQ,30,47,73,9/30/2021,17,13,58,22,100,39,21,91
Calamos Convertible and High Income Fund,CHY,NASDAQ,35,12,27,3/16/2021,86,15,58,93,13,42,84,92
US Foods Holding Corp.,USFD,NYSE,1,60,47,2/5/2021,41,74,76,61,65,70,99,68
Alpha and Omega Semiconductor Limited,AOSL,NASDAQ,39,13,47,3/30/2021,63,55,88,73,33,67,14,19
"Gabelli Equity Trust, Inc. (The)",GAB^J,NYSE,79,68,17,4/12/2021,25,7,55,80,16,57,14,23
WisdomTree Barclays Interest Rate Hedged U.S. Aggregate Bond F,AGZD,NASDAQ,54,30,24,6/14/2021,80,33,94,21,17,21,54,91
"Arrow Electronics, Inc.",ARW,NYSE,94,22,97,10/12/2021,38,73,64,64,52,85,59,69
"NCI, Inc.",NCIT,NASDAQ,77,92,3,6/12/2021,11,87,39,47,6,49,30,51
Independent Bank Corporation,IBCP,NASDAQ,19,8,25,5/31/2021,90,88,99,70,33,40,65,100
Nuveen AMT-Free Municipal Credit Income Fund,NVG,NYSE,83,4,16,3/27/2021,68,30,89,94,97,27,51,22
"Limbach Holdings, Inc.",LMB,NASDAQ,10,75,94,3/3/2021,88,14,1,12,27,72,58,12
BullMark LatAm Select Leaders ETF,BMLA,NASDAQ,90,95,35,3/31/2021,89,24,42,31,8,97,79,74
PowerShares Multi-Strategy Alternative Portfolio,LALT,NASDAQ,43,84,41,7/9/2021,24,26,46,16,35,53,73,79
Moog Inc.,MOG.B,NYSE,40,47,91,6/19/2021,33,25,23,96,97,97,27,28
"Micronet Enertec Technologies, Inc.",MICTW,NASDAQ,78,77,44,12/1/2021,55,5,27,32,17,50,72,48
"BGC Partners, Inc.",BGCP,NASDAQ,61,33,82,3/3/2021,98,20,59,38,51,95,92,22
Chatham Lodging Trust (REIT),CLDT,NYSE,53,1,98,6/30/2021,22,19,34,75,58,60,8,86
Suncor Energy  Inc.,SU,NYSE,41,47,20,4/29/2021,45,22,4,91,17,76,2,61
Immune Design Corp.,IMDZ,NASDAQ,79,22,52,1/17/2021,23,48,30,14,17,33,72,76
Easterly Acquisition Corp.,EACQU,NASDAQ,2,78,36,11/13/2021,42,2,70,74,36,94,40,97
"Ulta Beauty, Inc.",ULTA,NASDAQ,78,72,24,4/5/2021,84,37,6,17,13,33,35,95
"Advanced Drainage Systems, Inc.",WMS,NYSE,77,85,18,9/6/2021,100,5,6,24,20,36,60,99
"Ares Dynamic Credit Allocation Fund, Inc.",ARDC,NYSE,39,32,78,8/16/2021,42,82,60,20,100,80,35,74
Deutsche Bank AG,DB,NYSE,33,72,63,5/9/2021,38,60,59,25,25,40,59,86
Scotts Miracle-Gro Company (The),SMG,NYSE,3,67,19,9/1/2021,11,98,97,13,43,99,50,61
Turkcell Iletisim Hizmetleri AS,TKC,NYSE,29,67,68,2/15/2021,96,79,31,57,80,99,5,73
"Web.com Group, Inc.",WEB,NASDAQ,28,78,57,3/5/2021,88,4,99,93,62,32,7,82
Nuveen Select Tax Free Income Portfolio II,NXQ,NYSE,4,82,14,2/3/2021,34,31,39,79,15,45,18,64
"NextEra Energy, Inc.",NEE^C,NYSE,84,3,13,10/15/2021,82,74,30,2,42,79,87,41
Internet Gold Golden Lines Ltd.,IGLD,NASDAQ,21,90,24,2/1/2021,35,37,71,26,67,90,45,19
Forum Merger Corporation,FMCIR,NASDAQ,48,58,22,1/10/2022,61,17,79,48,16,37,28,3
Walter Investment Management Corp.,WAC,NYSE,39,70,77,3/8/2021,86,27,3,4,9,45,90,98
Long Island Iced Tea Corp.,LTEA,NASDAQ,4,27,98,11/28/2021,26,42,12,72,27,39,76,35
"Overseas Shipholding Group, Inc.",OSG,NYSE,90,78,24,3/23/2021,77,30,78,20,75,7,84,17
IZEA Inc.,IZEA,NASDAQ,29,93,39,7/24/2021,27,80,87,9,89,87,83,60
Presbia PLC,LENS,NASDAQ,50,18,21,10/24/2021,99,89,79,95,33,80,52,79
"J.B. Hunt Transport Services, Inc.",JBHT,NASDAQ,84,88,94,1/9/2022,54,60,26,29,59,27,87,42
"Heidrick & Struggles International, Inc.",HSII,NASDAQ,100,30,40,8/19/2021,33,42,73,93,34,56,36,16
Principal Price Setters Index ETF,PSET,NASDAQ,68,24,53,1/21/2021,28,82,75,96,87,60,43,5
"Aware, Inc.",AWRE,NASDAQ,79,55,77,11/29/2021,81,17,14,31,38,68,86,90
"Sabra Healthcare REIT, Inc.",SBRAP,NASDAQ,26,21,70,4/12/2021,5,94,34,20,29,91,27,24
"PS Business Parks, Inc.",PSB^W,NYSE,66,5,90,11/2/2021,82,77,35,19,28,96,12,14
"Amplify Snack Brands, inc.",BETR,NYSE,5,74,28,10/14/2021,71,100,67,89,1,34,3,15
Sun Hydraulics Corporation,SNHY,NASDAQ,35,50,3,5/13/2021,28,93,61,50,19,24,21,68
Seacoast Banking Corporation of Florida,SBCF,NASDAQ,15,26,14,3/24/2021,36,21,9,28,19,93,29,74
Gabelli Utility Trust (The),GUT^C,NYSE,66,62,2,5/28/2021,27,23,91,45,90,92,43,62
argenx SE,ARGX,NASDAQ,61,19,49,12/12/2021,66,2,40,35,5,26,24,93
PennantPark Investment Corporation,PNTA.CL,NYSE,62,55,7,5/8/2021,30,72,11,87,52,78,36,15
"Spartan Motors, Inc.",SPAR,NASDAQ,29,47,90,6/27/2021,34,85,57,57,47,59,6,45
"New York Community Bancorp, Inc.",NYCB^U,NYSE,39,90,71,5/13/2021,2,37,93,53,66,14,79,41
CubeSmart,CUBE,NYSE,78,64,81,12/2/2021,18,45,70,23,32,67,20,52
"T2 Biosystems, Inc.",TTOO,NASDAQ,19,46,9,11/11/2021,76,95,24,42,97,56,74,85
AGCO Corporation,AGCO,NYSE,54,75,36,3/18/2021,11,11,70,50,25,54,69,58
Acco Brands Corporation,ACCO,NYSE,32,71,77,6/3/2021,26,51,28,75,89,16,89,41
"Cohen & Steers Limited Duration Preferred and Income Fund, Inc",LDP,NYSE,4,28,45,11/18/2021,58,85,95,26,99,31,27,95
"Surmodics, Inc.",SRDX,NASDAQ,32,42,44,5/22/2021,48,38,28,74,59,46,23,1
Siebert Financial Corp.,SIEB,NASDAQ,3,15,81,7/21/2021,18,5,24,49,23,96,19,92
"Mexico Equity and Income Fund, Inc. (The)",MXE,NYSE,44,33,82,1/1/2022,73,58,36,99,69,25,2,42
"Watts Water Technologies, Inc.",WTS,NYSE,42,57,11,1/5/2022,46,59,5,37,95,95,28,56
"Hostess Brands, Inc.",TWNK,NASDAQ,56,41,10,9/3/2021,40,31,34,60,89,97,76,4
"Take-Two Interactive Software, Inc.",TTWO,NASDAQ,81,86,64,6/13/2021,83,99,76,74,58,2,23,63
NICE Ltd,NICE,NASDAQ,3,88,56,2/21/2021,95,59,86,76,26,16,63,57
"Blackrock MuniYield Quality Fund II, Inc.",MQT,NYSE,39,79,2,8/22/2021,55,58,64,52,15,91,17,98
Gabelli NextShares Trust,FOANC,NASDAQ,10,93,47,11/28/2021,35,63,62,48,38,15,43,37
Range Resources Corporation,RRC,NYSE,45,59,18,12/20/2021,69,48,79,80,61,98,90,60
"Ecology and Environment, Inc.",EEI,NASDAQ,53,89,28,9/30/2021,66,9,74,17,36,12,64,76
Axis Capital Holdings Limited,AXS^D,NYSE,97,73,82,10/14/2021,80,35,84,38,89,21,88,40
"Endocyte, Inc.",ECYT,NASDAQ,64,45,76,10/20/2021,4,7,73,88,96,95,1,2
"Bankrate, Inc.",RATE,NYSE,57,18,44,1/10/2022,25,61,40,26,72,12,85,31
"Pure Storage, Inc. ",PSTG,NYSE,14,37,62,12/29/2021,15,71,88,68,63,5,62,87
"Bridgeline Digital, Inc.",BLIN          ,NASDAQ,73,38,89,11/28/2021,59,37,95,32,67,8,88,100
BSQUARE Corporation,BSQR,NASDAQ,78,88,30,8/16/2021,10,11,90,60,45,17,92,94
HollyFrontier Corporation,HFC,NYSE,9,16,1,6/5/2021,36,48,72,98,99,18,55,15
Wells Fargo & Company,WFC^V,NYSE,75,64,73,2/21/2021,29,44,71,71,9,68,69,61
Federal Agricultural Mortgage Corporation,AGM^B,NYSE,76,8,94,9/21/2021,7,19,94,30,38,23,67,7
Barings Corporate Investors,MCI,NYSE,74,99,74,9/12/2021,75,64,13,100,68,32,27,10
"Omega Flex, Inc.",OFLX,NASDAQ,2,69,60,8/15/2021,40,23,59,44,12,36,13,93
Vanguard Long-Term Government Bond ETF,VGLT,NASDAQ,99,22,39,10/18/2021,78,77,70,1,40,95,37,100
Axis Capital Holdings Limited,AXS^D,NYSE,65,16,18,12/28/2021,14,51,9,63,75,26,72,3
"New York REIT, Inc.",NYRT,NYSE,62,20,86,6/18/2021,25,60,7,44,9,4,98,25
"Dicerna Pharmaceuticals, Inc.",DRNA,NASDAQ,30,56,48,3/10/2021,99,28,77,48,35,88,98,73
Marriot Vacations Worldwide Corporation,VAC,NYSE,12,41,30,12/24/2021,46,70,66,77,20,85,32,31
"Liquidity Services, Inc.",LQDT,NASDAQ,78,38,58,6/11/2021,88,22,24,3,96,20,91,16
First Trust,FMY,NYSE,93,9,9,3/12/2021,38,65,49,11,79,88,56,32
"Old Line Bancshares, Inc.",OLBK,NASDAQ,72,82,71,12/24/2021,81,25,20,87,34,12,72,32
Smith (A.O.) Corporation,AOS,NYSE,28,98,14,7/5/2021,49,14,18,32,2,18,48,85
Stratus Properties Inc.,STRS,NASDAQ,21,33,7,7/8/2021,87,65,86,42,75,10,58,48
Centrais Electricas Brasileiras S.A.- Eletrobras,EBR.B,NYSE,83,9,16,1/29/2021,77,74,77,90,28,90,63,3
"NetEase, Inc.",NTES,NASDAQ,78,42,70,6/14/2021,15,36,51,95,31,78,91,70
"MRV Communications, Inc.",MRVC,NASDAQ,45,75,16,6/23/2021,12,45,90,96,43,22,14,69
"CBIZ, Inc.",CBZ,NYSE,56,63,59,1/9/2022,14,40,54,8,67,27,80,53
"HV Bancorp, Inc.",HVBC,NASDAQ,39,33,27,1/17/2021,91,76,59,74,94,93,57,81
"ParkerVision, Inc.",PRKR,NASDAQ,19,57,19,8/14/2021,53,38,84,14,34,2,75,9
Altisource Residential Corporation,RESI,NYSE,28,70,5,2/4/2021,32,38,76,55,43,12,65,21
"Achillion Pharmaceuticals, Inc.",ACHN,NASDAQ,62,13,15,11/26/2021,15,80,88,18,80,64,59,82
Quaker Chemical Corporation,KWR,NYSE,6,17,20,2/2/2021,35,82,53,49,27,19,6,66
"YuMe, Inc.",YUME,NYSE,17,8,32,9/16/2021,12,83,93,21,89,72,37,85
Emerson Electric Company,EMR,NYSE,59,36,58,10/31/2021,62,39,27,28,56,67,72,12
"AngioDynamics, Inc.",ANGO,NASDAQ,38,38,9,3/8/2021,54,76,49,7,33,77,94,49
"Great Elm Capital Group, Inc. ",GEC,NASDAQ,73,61,41,6/25/2021,69,83,74,99,6,29,72,40
"Flagstar Bancorp, Inc.",FBC,NYSE,26,18,35,11/11/2021,75,49,72,25,23,11,50,55
"ONEOK Partners, L.P.",OKS,NYSE,23,2,17,5/9/2021,45,48,63,8,71,61,48,5
"Banc of California, Inc.",BANC^E,NYSE,65,65,68,3/23/2021,11,39,43,13,26,50,46,25
Atomera Incorporated,ATOM,NASDAQ,72,13,82,5/14/2021,59,38,62,13,99,74,63,13
"Viveve Medical, Inc.",VIVE,NASDAQ,33,90,50,5/4/2021,18,42,3,25,64,20,87,68
Cenovus Energy Inc,CVE,NYSE,67,13,5,8/7/2021,41,85,36,37,99,51,40,83
Tellurian Inc.,TELL,NASDAQ,61,85,16,11/29/2021,74,40,62,21,18,27,5,78
iShares Morningstar Mid-Cap ETF,JKI,NASDAQ,91,37,41,9/18/2021,75,14,51,53,100,19,91,76
Summit State Bank,SSBI,NASDAQ,14,5,43,9/8/2021,22,12,34,83,69,95,75,88
"PNC Financial Services Group, Inc. (The)",PNC.WS,NYSE,30,19,53,4/7/2021,96,33,92,59,58,50,47,45
"AMTEK, Inc.",AME,NYSE,90,31,75,5/11/2021,2,32,73,23,37,35,42,78
NICE Ltd,NICE,NASDAQ,90,18,26,10/25/2021,44,19,27,65,15,86,73,96
CHS Inc,CHSCL,NASDAQ,26,99,49,6/30/2021,83,20,55,100,53,97,100,65
"DelMar Pharmaceuticals, Inc.",DMPI,NASDAQ,10,81,2,7/9/2021,11,42,57,100,61,78,96,61
Stifel Financial Corporation,SF^A,NYSE,9,69,41,5/23/2021,72,98,28,61,20,20,71,78
"Rubicon Technology, Inc.",RBCN,NASDAQ,51,35,6,11/27/2021,44,42,65,65,54,15,34,87
Eaton Vance Tax-Managed Global Diversified Equity Income Fund,EXG,NYSE,31,62,71,1/30/2021,75,86,64,30,17,96,16,93
Cherry Hill Mortgage Investment Corporation,CHMI,NYSE,56,77,40,9/11/2021,70,97,73,61,16,57,37,56
First Financial Bancorp.,FFBC,NASDAQ,75,99,81,4/24/2021,44,30,85,83,82,83,71,4
Nuveen Missouri Quality Municipal Income Fund,NOM,NYSE,80,83,80,9/13/2021,78,9,71,73,38,47,95,3
"The Hanover Insurance Group, Inc.",THGA,NYSE,73,13,75,11/13/2021,90,53,95,26,6,60,80,52
The First of Long Island Corporation,FLIC,NASDAQ,99,81,28,8/20/2021,78,50,81,30,79,98,94,70
ChromaDex Corporation,CDXC,NASDAQ,65,76,45,2/20/2021,92,57,25,12,8,6,61,94
BlackRock Long-Term Municipal Advantage Trust,BTA,NYSE,91,85,41,2/16/2021,55,21,26,85,35,37,47,46
China Xiniya Fashion Limited,XNY,NYSE,37,31,4,12/15/2021,35,82,43,54,75,81,18,9
Wayfair Inc.,W,NYSE,34,69,60,1/9/2022,25,72,80,94,32,33,34,31
Jabil Inc.,JBL,NYSE,43,19,20,9/23/2021,57,45,5,47,42,6,75,73
Harris Corporation,HRS,NYSE,95,14,58,6/27/2021,1,89,8,81,70,83,29,46
Graphic Packaging Holding Company,GPK,NYSE,28,83,8,12/13/2021,20,15,92,94,90,82,72,84
Noodles & Company,NDLS,NASDAQ,60,71,71,3/7/2021,72,89,91,85,74,93,47,81
Westport Fuel Systems Inc,WPRT,NASDAQ,20,72,36,6/16/2021,80,92,98,8,27,46,73,16
"Farmers & Merchants Bancorp, Inc.",FMAO,NASDAQ,42,53,45,6/22/2021,98,48,35,89,83,19,88,56
"Watsco, Inc.",WSO.B,NYSE,27,27,13,8/18/2021,11,89,76,89,98,9,95,1
"Wayside Technology Group, Inc.",WSTG,NASDAQ,44,29,45,12/2/2021,89,77,93,12,56,11,15,46
Novartis AG,NVS,NYSE,47,79,84,11/14/2021,86,28,36,75,25,6,50,76
"Franklin Financial Network, Inc.",FSB,NYSE,45,38,52,11/5/2021,35,23,27,79,59,48,87,25
"Ominto, Inc.",OMNT,NASDAQ,88,14,8,2/3/2021,80,12,98,88,56,72,1,95
Avenue Income Credit Strategies Fund,ACP,NYSE,80,82,61,12/18/2021,40,91,78,30,76,24,54,88
"Banco Santander, S.A.",SAN^B,NYSE,60,92,12,2/13/2021,1,45,50,85,59,82,87,17
"Advanced Emissions Solutions, Inc.",ADES,NASDAQ,60,91,23,1/5/2022,85,25,16,5,82,86,93,22
"SunCoke Energy Partners, L.P.",SXCP,NYSE,11,46,69,12/24/2021,49,9,17,57,9,1,75,5
"Morgan Stanley India Investment Fund, Inc.",IIF,NYSE,59,33,59,5/7/2021,60,45,91,8,91,59,26,80
PrimeEnergy Corporation,PNRG,NASDAQ,26,97,72,5/2/2021,19,60,41,52,95,17,79,36
"Xencor, Inc.",XNCR,NASDAQ,32,70,93,1/19/2021,34,18,93,51,35,94,24,32
Vina Concha Y Toro,VCO,NYSE,6,10,64,5/14/2021,36,41,63,59,43,92,41,64
Eastman Kodak Company,KODK.WS.A,NYSE,41,8,10,2/11/2021,4,26,21,15,58,27,26,81
First Financial Bancorp.,FFBCW,NASDAQ,27,41,54,11/29/2021,59,67,71,78,83,32,55,50
"Pacific Biosciences of California, Inc.",PACB,NASDAQ,77,98,53,4/21/2021,88,35,73,7,9,42,22,63
Virco Manufacturing Corporation,VIRC,NASDAQ,89,97,37,7/16/2021,42,10,99,100,23,13,60,99
Endeavour Silver Corporation,EXK,NYSE,43,85,75,12/17/2021,10,89,96,83,14,8,29,19
"Lantronix, Inc.",LTRX,NASDAQ,94,67,75,4/20/2021,42,72,45,78,21,85,49,40
WisdomTree China ex-State-Owned Enterprises Fund,CXSE,NASDAQ,33,54,1,6/22/2021,89,23,92,87,58,88,59,91
Peoples Bancorp Inc.,PEBO,NASDAQ,100,43,36,12/22/2021,57,93,79,85,22,98,6,59
"ServiceSource International, Inc.",SREV,NASDAQ,34,47,35,1/6/2022,48,53,22,68,50,15,73,38
Pennsylvania Real Estate Investment Trust,PEI^A,NYSE,71,42,2,3/9/2021,8,82,27,18,3,70,54,52
Federated National Holding Company,FNHC,NASDAQ,62,39,68,10/31/2021,2,91,64,75,88,5,78,1
"Fred's, Inc.",FRED,NASDAQ,36,44,73,3/2/2021,23,3,75,43,98,24,64,30
"Bioanalytical Systems, Inc.",BASI,NASDAQ,25,59,38,4/29/2021,69,61,4,57,69,6,95,93
"Reinsurance Group of America, Incorporated",RGA,NYSE,97,47,7,3/2/2021,71,32,41,58,78,14,61,38
Bioverativ Inc.,BIVV,NASDAQ,64,58,23,4/1/2021,22,27,16,62,64,5,88,80
"Rigel Pharmaceuticals, Inc.",RIGL,NASDAQ,72,31,100,10/29/2021,77,2,59,45,49,33,22,22
Diodes Incorporated,DIOD,NASDAQ,97,80,69,12/30/2021,17,98,27,6,49,71,60,41
General Electric Company,GE,NYSE,23,33,7,10/22/2021,76,63,74,55,17,9,96,35
Nuveen Select Tax Free Income Portfolio III,NXR,NYSE,89,93,40,8/17/2021,41,29,41,55,7,22,88,55
UNITIL Corporation,UTL,NYSE,34,22,74,3/8/2021,21,14,56,4,43,20,92,4
Intercontinental Hotels Group,IHG,NYSE,75,57,72,11/4/2021,56,80,31,90,67,65,52,82
Flaherty & Crumrine Preferred Income Opportunity Fund Inc,PFO,NYSE,32,74,78,9/19/2021,72,90,19,49,20,98,51,54
West Bancorporation,WTBA,NASDAQ,9,85,39,10/21/2021,48,57,31,58,70,11,23,76
"Adams Diversified Equity Fund, Inc.",ADX,NYSE,85,79,70,8/4/2021,54,11,68,63,49,18,64,90
"Alexion Pharmaceuticals, Inc.",ALXN,NASDAQ,41,22,21,9/4/2021,28,77,73,4,38,74,90,38
"Ritter Pharmaceuticals, Inc.",RTTR,NASDAQ,20,55,82,1/17/2021,39,35,75,43,58,35,3,61
Southern California Edison Company,SCE^H,NYSE,45,40,68,7/4/2021,55,93,29,39,15,54,100,20
Mitsubishi UFJ Financial Group Inc,MTU,NYSE,34,76,20,12/14/2021,47,14,30,67,74,39,28,82
"Inogen, Inc",INGN,NASDAQ,54,48,91,11/25/2021,10,8,64,80,68,37,8,54
California Resources Corporation,CRC,NYSE,98,93,44,1/13/2022,85,14,31,27,85,91,72,27
Transportadora De Gas Sa Ord B,TGS,NYSE,79,87,22,2/20/2021,18,57,93,90,60,97,59,7
GP Investments Acquisition Corp.,GPIAU,NASDAQ,32,25,73,9/24/2021,78,4,75,40,6,49,17,25
"New York Community Bancorp, Inc.",NYCB^A,NYSE,98,40,28,9/1/2021,11,67,12,31,66,37,54,58
Blackrock Defined Opportunity Credit Trust,BHL,NYSE,94,6,75,9/9/2021,60,38,58,29,57,55,40,98
"Cass Information Systems, Inc",CASS,NASDAQ,35,84,14,8/12/2021,64,76,94,23,1,58,33,30
"Western Asset High Income Opportunity Fund, Inc.",HIO,NYSE,9,33,71,2/8/2021,1,6,84,44,58,96,56,45
"Cohen & Steers Total Return Realty Fund, Inc.",RFI,NYSE,28,10,97,7/21/2021,61,21,97,16,36,79,31,97
"Tortoise Pipeline & Energy Fund, Inc.",TTP,NYSE,55,13,80,11/20/2021,90,19,14,46,11,8,6,23
"Safe Bulkers, Inc",SB^B,NYSE,70,61,18,11/4/2021,52,96,5,17,90,17,84,64
"Patterson Companies, Inc.",PDCO,NASDAQ,81,90,76,11/18/2021,45,98,73,59,97,14,6,44
Allstate Corporation (The),ALL^D,NYSE,37,35,14,7/7/2021,15,99,46,21,91,99,41,47
"Yatra Online, Inc.",YTRA,NASDAQ,71,68,1,3/5/2021,94,67,7,51,38,2,24,69
Convergys Corporation,CVG,NYSE,32,59,55,10/30/2021,10,13,12,78,95,43,83,74
"Vectrus, Inc.",VEC,NYSE,50,86,14,1/13/2022,73,97,71,43,5,35,57,39
Ligand Pharmaceuticals Incorporated,LGND,NASDAQ,71,35,47,7/28/2021,77,63,58,3,69,29,25,38
"NETGEAR, Inc.",NTGR,NASDAQ,36,45,16,3/5/2021,18,32,72,59,22,94,72,94
"Threshold Pharmaceuticals, Inc.",THLD,NASDAQ,85,76,4,7/19/2021,77,35,21,82,49,97,85,59
Vodafone Group Plc,VOD,NASDAQ,94,70,99,7/29/2021,4,62,38,72,9,80,95,7
National Energy Services Reunited Corp.,NESR,NASDAQ,68,1,41,3/16/2021,66,11,1,29,6,79,10,51
"L3 Technologies, Inc.",LLL,NYSE,55,97,11,7/14/2021,18,50,32,90,66,25,91,76
Wells Fargo & Company,WFC^J,NYSE,89,15,85,1/14/2021,92,41,71,33,80,75,75,64
Resonant Inc.,RESN,NASDAQ,77,29,46,3/30/2021,97,18,90,25,56,67,3,47
UMB Financial Corporation,UMBF,NASDAQ,84,35,19,4/13/2021,53,67,40,68,81,96,36,66
"CareTrust REIT, Inc.",CTRE,NASDAQ,71,66,10,11/10/2021,42,11,89,37,63,64,6,84
Principal Price Setters Index ETF,PSET,NASDAQ,52,17,21,12/14/2021,25,84,4,8,68,97,6,23
"Antares Pharma, Inc.",ATRS,NASDAQ,7,20,55,5/21/2021,52,41,86,94,57,54,59,12
Exa Corporation,EXA,NASDAQ,73,80,94,4/17/2021,19,3,82,8,38,68,45,13
Citizens Holding Company,CIZN,NASDAQ,25,65,27,12/30/2021,66,88,3,51,27,20,78,99
"Eco-Stim Energy Solutions, Inc.",ESES,NASDAQ,54,9,8,11/20/2021,61,38,13,36,90,50,96,64
Dividend and Income Fund,DNI,NYSE,32,82,70,5/3/2021,64,1,68,45,42,88,66,21
Hornbeck Offshore Services,HOS,NYSE,15,53,68,7/10/2021,66,17,27,66,18,76,4,71
"Electronics for Imaging, Inc.",EFII,NASDAQ,2,95,52,2/12/2021,14,44,23,31,11,94,49,38
"Northwest Bancshares, Inc.",NWBI,NASDAQ,99,20,51,2/20/2021,58,29,85,7,57,77,59,23
"Armstrong Flooring, Inc.",AFI,NYSE,80,99,26,5/28/2021,87,95,70,16,70,90,61,89
Walter Investment Management Corp.,WAC,NYSE,70,93,100,8/23/2021,78,17,45,63,13,32,10,54
"One Liberty Properties, Inc.",OLP,NYSE,5,53,80,8/9/2021,55,7,83,20,18,55,1,37
Public Storage,PSA^B,NYSE,67,21,98,12/14/2021,65,80,84,2,74,79,28,87
First Trust NASDAQ ABA Community Bank Index Fund,QABA,NASDAQ,99,68,55,10/24/2021,70,39,62,12,69,75,89,72
"Southern National Bancorp of Virginia, Inc.",SONA,NASDAQ,93,58,11,4/18/2021,74,31,77,72,77,72,7,31
Qwest Corporation,CTZ,NYSE,24,74,28,8/19/2021,51,23,45,17,91,40,76,37
Black Hills Corporation,BKHU,NYSE,60,78,40,8/23/2021,72,39,8,12,69,100,3,11
"Blackrock MuniHoldings New York Quality Fund, Inc.",MHN,NYSE,64,51,69,12/19/2021,17,30,29,49,69,66,67,35
PowerShares DWA Consumer Cyclicals Momentum Portfolio,PEZ,NASDAQ,91,75,1,9/12/2021,73,72,13,7,95,72,40,22
"Anthem, Inc.",ANTX,NYSE,14,97,70,1/11/2022,6,77,77,32,15,34,3,71
Teekay Offshore Partners L.P.,TOO,NYSE,9,45,13,9/8/2021,70,59,21,62,67,63,54,66
Sanmina Corporation,SANM,NASDAQ,74,46,20,1/17/2021,53,13,33,77,34,16,82,16
Eaton Vance Municipal Income Trust,EVN,NYSE,18,32,34,6/25/2021,8,98,93,35,84,93,20,55
Cytori Therapeutics Inc,CYTX,NASDAQ,53,33,60,12/31/2021,5,42,51,26,86,55,85,38
"Corvus Pharmaceuticals, Inc.",CRVS,NASDAQ,22,15,50,3/10/2021,61,8,54,87,49,37,34,2
Green Dot Corporation,GDOT,NYSE,34,26,43,10/29/2021,100,5,7,4,50,53,88,75
Associated Banc-Corp,ASB,NYSE,28,32,74,7/5/2021,27,69,40,76,91,68,78,35
Nortel Inversora SA,NTL,NYSE,30,84,100,12/19/2021,28,37,97,36,89,10,75,97
AZZ Inc.,AZZ,NYSE,97,36,36,3/7/2021,93,87,92,99,30,94,61,27
Duff & Phelps Global Utility Income Fund Inc.,DPG,NYSE,32,19,12,3/13/2021,39,30,32,70,17,62,25,70
BalckRock Taxable Municipal Bond Trust,BBN,NYSE,85,98,1,8/24/2021,3,95,97,91,45,81,60,11
"Energy Transfer Partners, L.P.",ETP,NYSE,74,78,25,5/5/2021,1,74,22,81,41,34,84,73
People's Utah Bancorp,PUB,NASDAQ,84,1,38,1/15/2021,58,76,80,52,5,16,68,61
GGP Inc.,GGP,NYSE,4,21,46,7/21/2021,75,100,5,88,96,39,14,68
Ameren Corporation,AEE,NYSE,77,44,5,7/4/2021,59,34,31,87,82,7,43,81
"Dupont Fabros Technology, Inc.",DFT^C,NYSE,55,90,7,8/20/2021,17,45,37,6,67,27,15,32
Delta Technology Holdings Limited,DELT,NASDAQ,19,75,78,7/2/2021,8,75,58,77,51,16,8,49
General Dynamics Corporation,GD,NYSE,14,31,64,6/19/2021,62,13,99,15,39,77,12,62
"Maui Land & Pineapple Company, Inc.",MLP,NYSE,29,22,46,9/3/2021,45,83,37,20,44,70,67,15
"Customers Bancorp, Inc",CUBS,NYSE,28,87,35,8/7/2021,28,56,38,14,8,21,80,21
"Advanced Emissions Solutions, Inc.",ADES,NASDAQ,50,74,52,7/3/2021,27,100,3,66,78,43,100,66
"Auburn National Bancorporation, Inc.",AUBN,NASDAQ,90,20,4,12/1/2021,35,44,36,24,39,94,5,47
Wipro Limited,WIT,NYSE,39,14,12,3/15/2021,50,46,45,16,95,90,36,91
Pacific Special Acquisition Corp.,PAACU,NASDAQ,1,60,40,12/15/2021,50,44,17,73,78,45,31,18
Tejon Ranch Co,TRC,NYSE,94,66,63,12/16/2021,46,83,53,44,98,44,25,16
"Landstar System, Inc.",LSTR,NASDAQ,75,70,70,7/31/2021,26,46,43,23,96,64,87,21
Natural Resource Partners LP,NRP,NYSE,56,29,14,10/3/2021,25,34,83,33,40,48,68,40
First Trust NASDAQ Cybersecurity ETF,CIBR,NASDAQ,95,50,62,5/26/2021,59,20,26,95,27,34,36,7
"Zillow Group, Inc.",ZG,NASDAQ,56,56,40,12/5/2021,42,41,94,73,23,37,42,73
Northeast Bancorp,NBN,NASDAQ,46,70,62,1/3/2022,21,82,95,25,82,3,97,27
"Carriage Services, Inc.",CSV,NYSE,59,12,5,4/6/2021,68,41,50,92,67,35,92,41
"Western Asset High Income Opportunity Fund, Inc.",HIO,NYSE,4,20,34,11/29/2021,60,61,53,39,49,95,38,76
"Blackrock MuniEnhanced Fund, Inc.",MEN,NYSE,81,17,31,8/20/2021,31,26,49,17,65,97,86,11
Eaton Vance Short Diversified Income Fund,EVG,NYSE,62,54,87,12/22/2021,51,74,56,47,56,8,43,13
iShares iBoxx $ High Yield ex Oil & Gas Corporate Bond ETF,HYXE,NASDAQ,89,16,100,10/4/2021,84,66,66,24,46,42,9,58
Qwest Corporation,CTAA,NYSE,89,64,67,12/20/2021,53,77,52,93,59,5,46,74
Comerica Incorporated,CMA,NYSE,5,14,90,7/26/2021,36,81,87,78,62,3,50,88
M&T Bank Corporation,MTB.WS,NYSE,87,68,77,1/26/2021,29,31,82,38,39,18,37,85
Universal Health Realty Income Trust,UHT,NYSE,64,25,67,11/17/2021,72,57,88,93,41,84,3,49
"OneBeacon Insurance Group, Ltd.",OB,NYSE,63,20,54,10/20/2021,11,36,27,6,74,9,12,12
Integer Holdings Corporation,ITGR,NYSE,55,91,15,9/10/2021,68,84,100,50,14,94,80,22
"Nelnet, Inc.",NNI,NYSE,28,14,81,2/7/2021,42,84,69,3,10,94,98,31
"Teligent, Inc.",TLGT,NASDAQ,62,33,42,9/10/2021,56,19,53,44,63,24,96,54
Public Storage,PSA^D,NYSE,58,69,97,2/24/2021,72,65,54,49,100,13,19,96
"Coastway Bancorp, Inc.",CWAY,NASDAQ,33,11,94,10/11/2021,89,97,44,94,26,6,57,25
Michael Kors Holdings Limited,KORS,NYSE,29,2,60,10/17/2021,17,40,30,24,45,10,44,69
Blackrock Core Bond Trust,BHK,NYSE,95,86,72,6/16/2021,12,71,21,52,21,73,97,13
FirstService Corporation,FSV,NASDAQ,95,21,79,10/11/2021,61,24,55,13,48,81,93,58
Luxfer Holdings PLC,LXFR,NYSE,18,88,35,11/17/2021,84,20,73,83,46,71,49,61
PPL Corporation,PPL,NYSE,89,3,53,8/23/2021,68,9,71,48,42,25,87,10
"UCP, Inc.",UCP,NYSE,99,15,5,9/29/2021,24,97,14,5,97,77,18,72
Capital Senior Living Corporation,CSU,NYSE,87,33,9,12/12/2021,62,18,8,89,65,23,19,98
Blackrock Global,BGT,NYSE,10,87,34,4/26/2021,58,50,12,97,50,3,24,67
Regal Beloit Corporation,RBC,NYSE,28,18,79,8/27/2021,97,17,66,41,59,24,34,75
Aceto Corporation,ACET,NASDAQ,75,65,39,9/29/2021,47,89,6,36,64,41,51,30
First Trust New Opportunities MLP & Energy Fund,FPL,NYSE,8,92,56,5/8/2021,78,22,15,98,16,25,30,90
Repros Therapeutics Inc.,RPRX,NASDAQ,74,80,98,5/13/2021,8,90,54,90,27,93,11,12
PowerShares S&P SmallCap Consumer Discretionary Portfolio,PSCD,NASDAQ,95,74,15,5/12/2021,83,80,46,34,15,21,11,37
"Cellectar Biosciences, Inc.",CLRBW,NASDAQ,37,63,5,7/23/2021,69,54,47,8,58,93,53,51
"AmTrust Financial Services, Inc.",AFSI^B,NYSE,21,22,33,8/23/2021,66,6,95,68,79,23,75,91
El Paso Corporation,EP^C,NYSE,44,44,26,6/5/2021,71,43,42,71,25,89,93,100
Hornbeck Offshore Services,HOS,NYSE,53,66,87,6/24/2021,48,87,3,66,51,17,48,57
"Uranium Resources, Inc.",URRE,NASDAQ,86,1,71,8/24/2021,7,94,56,69,46,77,15,96
Coca Cola Femsa S.A.B. de C.V.,KOF,NYSE,2,6,72,6/15/2021,60,100,14,74,63,41,28,49
TCF Financial Corporation,TCF^C,NYSE,92,37,10,1/10/2022,83,38,52,66,4,20,15,8
"Jounce Therapeutics, Inc.",JNCE,NASDAQ,79,65,88,3/13/2021,11,24,37,98,33,2,80,40
Lumos Networks Corp.,LMOS,NASDAQ,55,73,82,6/29/2021,58,29,30,88,77,10,36,73
Eaton Vance Tax-Managed Diversified Equity Income Fund,ETY,NYSE,53,2,51,1/27/2021,89,62,80,71,94,84,80,5
National Energy Services Reunited Corp.,NESRW,NASDAQ,63,39,14,1/9/2022,60,36,42,27,89,5,22,49
"MarineMax, Inc.",HZO,NYSE,94,74,31,6/18/2021,94,27,14,55,95,69,71,14
"American Financial Group, Inc.",AFGH,NYSE,19,12,54,6/13/2021,46,89,2,60,100,24,31,53
TapImmune Inc.,TPIV,NASDAQ,97,74,89,2/3/2021,21,72,30,22,8,3,20,67
Clearwater Paper Corporation,CLW,NYSE,74,34,46,7/5/2021,88,27,3,31,37,77,50,70
ObsEva SA,OBSV,NASDAQ,50,100,63,10/8/2021,16,23,46,69,42,40,97,94
Ternium S.A.,TX,NYSE,64,16,25,7/24/2021,28,72,20,89,44,81,8,63
TriplePoint Venture Growth BDC Corp.,TPVZ,NYSE,25,37,87,1/25/2021,15,83,19,51,78,55,70,86
Manchester United Ltd.,MANU,NYSE,6,93,37,11/21/2021,76,10,24,87,60,93,68,63
First Trust Japan AlphaDEX Fund,FJP,NASDAQ,94,20,84,10/24/2021,35,76,11,42,77,38,75,14
"B&G Foods, Inc.",BGS,NYSE,98,36,67,4/27/2021,100,47,29,43,3,44,82,20
"Stage Stores, Inc.",SSI,NYSE,45,74,20,2/1/2021,16,46,66,72,46,25,56,55
Teekay Offshore Partners L.P.,TOO,NYSE,83,42,21,2/18/2021,57,96,98,54,63,35,82,1
American Homes 4 Rent,AMH^E,NYSE,41,41,5,10/28/2021,100,55,31,21,41,97,20,15
Differential Brands Group Inc.,DFBG,NASDAQ,42,45,97,5/30/2021,100,73,5,81,17,27,24,18
"Sonic Foundry, Inc.",SOFO,NASDAQ,21,96,32,2/12/2021,16,74,44,45,42,45,99,1
Silicon Motion Technology Corporation,SIMO,NASDAQ,56,55,3,6/22/2021,54,92,79,39,23,10,85,81
"Citizens Community Bancorp, Inc.",CZWI,NASDAQ,74,87,42,6/16/2021,90,2,81,26,94,14,3,49
SVB Financial Group,SIVB,NASDAQ,99,90,86,7/16/2021,12,36,77,70,5,82,62,12
International Speedway Corporation,ISCA,NASDAQ,52,92,58,3/5/2021,77,34,53,95,15,46,26,27
"SCYNEXIS, Inc.",SCYX,NASDAQ,97,87,91,10/15/2021,69,79,84,67,26,91,84,72
Park Sterling Corporation,PSTB,NASDAQ,79,2,24,10/23/2021,62,81,55,55,92,5,46,72
Amarin Corporation plc,AMRN,NASDAQ,39,6,4,9/22/2021,35,50,74,62,22,87,51,21
Chesapeake Lodging Trust,CHSP^A.CL,NYSE,72,88,75,10/15/2021,60,73,68,64,30,57,27,52
"Berry Global Group, Inc.",BERY,NYSE,99,56,64,9/27/2021,100,27,65,61,64,51,33,59
Barings Participation Investors,MPV,NYSE,62,58,67,9/26/2021,69,80,97,60,15,16,22,45
"Banco Santander, S.A.",SAN^C,NYSE,80,37,79,6/1/2021,50,59,30,66,76,28,47,79
Monmouth Real Estate Investment Corporation,MNR^C,NYSE,83,88,41,12/16/2021,39,23,40,63,77,72,100,16
Broadway Financial Corporation,BYFC,NASDAQ,88,3,62,6/22/2021,91,1,93,32,25,91,2,61
VALE S.A.,VALE.P,NYSE,24,32,39,1/11/2022,66,40,96,76,58,39,56,97
"Neothetics, Inc.",NEOT,NASDAQ,23,53,55,12/30/2021,72,94,36,30,53,73,24,74
"athenahealth, Inc.",ATHN,NASDAQ,61,5,65,11/9/2021,66,73,63,43,48,54,77,60
"Idera Pharmaceuticals, Inc.",IDRA,NASDAQ,48,3,67,12/12/2021,64,64,65,19,69,6,63,74
"Nuance Communications, Inc.",NUAN,NASDAQ,62,74,33,1/15/2021,52,98,67,8,83,100,60,9
ProQR Therapeutics N.V.,PRQR,NASDAQ,40,94,89,11/1/2021,38,35,63,20,1,90,23,68
"GlassBridge Enterprises, Inc.",GLA,NYSE,20,55,7,4/10/2021,35,41,35,63,93,100,66,87
Wendy's Company (The),WEN,NASDAQ,80,61,100,1/30/2021,72,13,63,5,90,54,52,74
"MCBC Holdings, Inc.",MCFT,NASDAQ,77,26,28,5/5/2021,37,18,86,37,83,10,12,88
"Alexandria Real Estate Equities, Inc.",ARE,NYSE,95,2,78,11/29/2021,56,39,24,11,16,6,48,15
"Monolithic Power Systems, Inc.",MPWR,NASDAQ,41,82,20,10/8/2021,66,10,77,34,86,50,15,8
Astronics Corporation,ATRO,NASDAQ,34,80,85,4/17/2021,84,80,86,59,97,100,82,89
"Mondelez International, Inc.",MDLZ,NASDAQ,14,76,85,12/19/2021,5,94,40,81,34,80,31,26
"Green Brick Partners, Inc.",GRBK,NASDAQ,19,88,33,3/3/2021,99,2,52,78,49,66,46,93
Transglobe Energy Corp,TGA,NASDAQ,73,38,17,7/31/2021,56,97,87,90,72,87,85,38
"Fortune Brands Home & Security, Inc.",FBHS,NYSE,70,36,69,9/14/2021,60,2,25,12,41,66,10,61
Origo Acquisition Corporation,OACQW,NASDAQ,76,63,12,10/1/2021,7,40,25,13,48,93,1,82
J P Morgan Chase & Co,JPM^F,NYSE,38,63,29,6/25/2021,48,97,65,27,67,72,65,96
"ABIOMED, Inc.",ABMD,NASDAQ,57,8,7,5/20/2021,10,4,87,75,59,26,81,52
"Dillard's, Inc.",DDT,NYSE,42,51,83,7/24/2021,89,61,50,92,100,33,91,64
"New York Community Bancorp, Inc.",NYCB,NYSE,8,46,98,2/21/2021,42,86,93,56,77,68,16,33
Charter Financial Corp.,CHFN,NASDAQ,88,43,89,10/12/2021,73,1,55,4,82,68,60,11
"Freightcar America, Inc.",RAIL,NASDAQ,10,18,1,6/4/2021,52,53,15,32,36,94,46,61
Invesco Bond Fund,VBF,NYSE,54,95,69,9/5/2021,50,93,78,95,87,47,45,6
"Northwest Bancshares, Inc.",NWBI,NASDAQ,63,80,69,4/24/2021,84,73,92,35,22,48,50,50
"Galena Biopharma, Inc.",GALE,NASDAQ,17,91,39,7/31/2021,57,65,23,72,99,89,52,31
Nielsen N.V.,NLSN,NYSE,94,26,91,7/17/2021,42,54,30,18,22,93,5,39
eBay Inc.,EBAYL,NASDAQ,61,82,34,12/28/2021,71,21,25,29,86,50,43,64
"General American Investors, Inc.",GAM,NYSE,76,5,47,11/27/2021,12,31,63,38,77,15,45,67
Quarterhill Inc.,QTRH,NASDAQ,61,59,13,6/28/2021,90,72,25,45,38,98,45,13
"First Hawaiian, Inc.",FHB,NASDAQ,89,1,68,5/4/2021,19,91,12,4,34,89,34,56
Materion Corporation,MTRN,NYSE,58,52,100,9/11/2021,9,35,77,54,50,37,22,7
Christopher & Banks Corporation,CBK,NYSE,10,64,66,10/4/2021,85,72,49,32,66,42,33,78
"CYS Investments, Inc.",CYS^A,NYSE,67,6,31,10/21/2021,5,54,74,67,29,62,63,88
"Sunshine Bancorp, Inc.",SBCP,NASDAQ,65,25,30,1/10/2022,53,63,16,44,9,55,7,87
"Model N, Inc.",MODN,NYSE,47,75,80,10/3/2021,26,34,33,60,100,82,27,63
Scana Corporation,SCG,NYSE,79,100,98,5/5/2021,59,78,94,98,50,82,53,71
Burcon NutraScience Corp,BUR,NASDAQ,66,84,59,11/5/2021,35,48,56,63,84,49,75,78
First Trust Small Cap Growth AlphaDEX Fund,FYC,NASDAQ,5,28,79,3/4/2021,45,84,56,47,83,83,30,61
RAIT Financial Trust,RAS^A,NYSE,11,19,54,10/19/2021,65,7,32,91,89,98,5,63
"XG Technology, Inc",XGTI,NASDAQ,37,28,34,12/14/2021,85,86,18,79,87,84,94,40
iShares MSCI EAFE ESG Optimized ETF,ESGD,NASDAQ,34,24,76,1/21/2021,68,92,38,52,50,25,75,85
"WESCO International, Inc.",WCC,NYSE,80,72,68,1/23/2021,73,34,81,4,17,8,86,51
Intercontinental Hotels Group,IHG,NYSE,27,66,81,10/18/2021,24,21,64,48,6,16,24,9
"Taubman Centers, Inc.",TCO^J,NYSE,8,53,73,9/12/2021,66,61,74,59,81,50,28,12
"Inovio Pharmaceuticals, Inc.",INO,NASDAQ,2,11,18,5/21/2021,78,97,89,84,28,40,19,22
Axis Capital Holdings Limited,AXS,NYSE,10,85,8,8/13/2021,54,87,43,3,7,82,5,94
Hess Corporation,HES^A,NYSE,70,30,18,3/4/2021,71,11,41,89,48,45,46,79
"Helmerich & Payne, Inc.",HP,NYSE,8,36,85,12/24/2021,40,49,88,75,47,9,53,92
"Ohr Pharmaceuticals, Inc.",OHRP,NASDAQ,1,55,25,10/29/2021,75,95,45,63,66,68,6,43
Lloyds Banking Group Plc,LYG,NYSE,50,75,70,7/21/2021,45,57,96,74,93,60,60,13
First Trust RBA Quality Income ETF,QINC,NASDAQ,77,22,74,12/10/2021,23,34,31,63,1,30,52,76
"FSB Bancorp, Inc.",FSBC,NASDAQ,79,29,72,10/11/2021,12,95,15,15,19,46,43,87
"Griffin Industrial Realty, Inc.",GRIF,NASDAQ,7,67,9,3/29/2021,21,44,78,68,73,30,47,36
"My Size, Inc.",MYSZ,NASDAQ,77,56,99,1/30/2021,4,53,17,83,81,40,22,14
Gilat Satellite Networks Ltd.,GILT,NASDAQ,82,77,17,3/21/2021,81,86,91,64,63,2,58,29
Proshares UltraPro Nasdaq Biotechnology,UBIO,NASDAQ,78,14,88,11/10/2021,69,5,95,21,96,91,60,23
Eaton Vance NextShares Trust II,EVLMC,NASDAQ,87,9,78,5/3/2021,56,30,75,65,32,31,17,1
ENI S.p.A.,E,NYSE,66,75,21,12/13/2021,89,86,50,51,46,91,84,76
"CUI Global, Inc.",CUI,NASDAQ,49,93,78,1/23/2021,91,60,76,39,75,35,14,55
Vina Concha Y Toro,VCO,NYSE,45,29,3,11/13/2021,17,67,29,76,62,4,82,5
National Retail Properties,NNN,NYSE,96,91,5,12/19/2021,83,28,44,25,5,64,50,16
Aceto Corporation,ACET,NASDAQ,9,96,21,7/25/2021,39,28,76,2,24,82,10,37
BlackRock Long-Term Municipal Advantage Trust,BTA,NYSE,2,17,68,10/16/2021,4,54,2,34,80,3,8,84
Merus Labs International Inc.,MSLI,NASDAQ,21,48,80,3/4/2021,100,38,53,46,48,59,45,84
Gabelli Dividend,GDV^D,NYSE,84,34,67,1/24/2021,84,1,4,28,82,79,16,10
Invesco Municipal Opportunity Trust,VMO,NYSE,24,72,74,3/5/2021,53,7,84,32,25,75,3,97
"Waterstone Financial, Inc.",WSBF,NASDAQ,28,40,30,12/25/2021,63,21,54,14,15,69,65,62
BlackRock Science and Technology Trust,BST,NYSE,66,71,87,7/31/2021,32,55,100,34,90,42,62,59
"Ocera Therapeutics, Inc.",OCRX,NASDAQ,82,56,86,7/6/2021,19,44,8,63,100,6,64,95
Coca-Cola European Partners plc,CCE,NYSE,56,13,34,8/22/2021,33,14,82,52,19,55,18,74
IRIDEX Corporation,IRIX,NASDAQ,95,3,27,11/30/2021,36,89,87,48,83,75,94,1
XOMA Corporation,XOMA,NASDAQ,74,16,23,10/15/2021,54,68,23,98,89,71,80,58
Synovus Financial Corp.,SNV,NYSE,25,82,77,2/7/2021,12,36,16,46,91,98,89,67
Brainstorm Cell Therapeutics Inc.,BCLI,NASDAQ,70,83,39,6/2/2021,25,96,36,42,56,9,55,15
New Mountain Finance Corporation,NMFC,NYSE,22,6,97,7/7/2021,17,17,92,55,68,30,12,18
Wells Fargo & Company,WFC^X,NYSE,66,7,92,10/18/2021,63,38,21,79,4,54,43,84
Ivy NextShares,IVFVC,NASDAQ,2,9,49,11/28/2021,44,47,74,48,11,54,95,68
QUALCOMM Incorporated,QCOM,NASDAQ,47,86,15,5/12/2021,64,83,41,58,15,80,56,23
Intra-Cellular Therapies Inc.,ITCI,NASDAQ,19,14,14,5/19/2021,16,83,62,69,31,58,10,5
Aurinia Pharmaceuticals Inc,AUPH,NASDAQ,1,89,28,6/17/2021,83,3,65,76,77,67,7,14
Ivy NextShares,IVFGC,NASDAQ,64,87,34,10/25/2021,96,31,46,82,25,98,77,10
Cementos Pacasmayo S.A.A.,CPAC,NYSE,10,17,9,1/14/2021,98,13,89,90,42,75,82,61
"Goldman Sachs Group, Inc. (The)",GS^B,NYSE,82,61,73,7/8/2021,40,96,35,21,43,23,67,63
HollyFrontier Corporation,HFC,NYSE,15,93,50,10/7/2021,87,87,3,1,45,17,42,42
Avianca Holdings S.A.,AVH,NYSE,77,62,82,11/22/2021,69,12,9,2,96,94,13,52
Progress Software Corporation,PRGS,NASDAQ,68,86,22,12/27/2021,2,54,78,35,74,9,57,2
Toll Brothers Inc.,TOL,NYSE,89,86,2,4/12/2021,47,88,16,10,56,33,93,11
PowerShares KBW Bank Portfolio,KBWB,NASDAQ,67,90,18,3/20/2021,96,77,16,85,28,63,14,7
Astoria Financial Corporation,AF^C,NYSE,60,32,42,10/24/2021,56,34,3,41,57,76,23,67
UroGen Pharma Ltd.,URGN,NASDAQ,74,22,23,5/30/2021,18,62,72,88,61,32,68,92
"TIER REIT, Inc.",TIER,NYSE,31,86,98,4/26/2021,44,56,44,65,35,97,52,58
"Sensus Healthcare, Inc.",SRTSW,NASDAQ,59,88,28,4/1/2021,23,64,48,55,63,100,83,30
"Prologis, Inc.",PLD,NYSE,31,14,42,12/15/2021,97,10,3,81,90,33,36,73
Multi-Color Corporation,LABL,NASDAQ,44,72,21,7/8/2021,56,14,45,75,35,45,70,65
Flaherty & Crumrine Preferred Income Opportunity Fund Inc,PFO,NYSE,80,4,34,8/19/2021,59,70,90,88,31,41,33,83
Icahn Enterprises L.P.,IEP,NASDAQ,83,20,80,11/13/2021,40,43,71,67,53,63,93,63
"CBRE Group, Inc.",CBG,NYSE,32,97,9,4/27/2021,39,97,24,79,7,4,62,42
MB Financial Inc.,MBFI,NASDAQ,79,74,39,3/28/2021,99,58,91,90,82,13,83,96
"Corvus Pharmaceuticals, Inc.",CRVS,NASDAQ,67,5,57,10/6/2021,59,53,94,13,3,31,22,17
AGCO Corporation,AGCO,NYSE,39,44,90,5/15/2021,65,89,40,74,27,84,75,79
iPath US Treasury 10-year Bull ETN,DTYL,NASDAQ,35,88,6,12/11/2021,22,17,71,63,87,34,64,34
CHS Inc,CHSCM,NASDAQ,42,61,92,3/14/2021,43,93,46,43,79,9,13,3
Markel Corporation,MKL,NYSE,25,62,27,8/20/2021,54,50,96,83,70,6,78,69
Vermilion Energy Inc.,VET,NYSE,63,35,63,6/12/2021,64,28,95,27,27,95,53,43
"ShotSpotter, Inc.",SSTI,NASDAQ,27,29,60,4/25/2021,78,24,40,83,90,99,84,18
"Advanced Emissions Solutions, Inc.",ADES,NASDAQ,69,91,26,5/30/2021,8,48,75,23,38,61,4,32
Wells Fargo & Company,WFE^A,NYSE,31,80,67,7/26/2021,16,37,54,88,99,11,42,98
Invesco Municipal Trust,VKQ,NYSE,6,68,49,7/13/2021,18,38,59,1,84,41,2,63
"Haynes International, Inc.",HAYN,NASDAQ,39,85,38,11/15/2021,49,22,11,65,83,2,43,74
"Legg Mason, Inc.",LMHB,NYSE,65,39,11,11/7/2021,80,3,62,46,62,90,51,19
NASDAQ TEST STOCK,NTEST.C,NYSE,85,83,50,5/6/2021,73,93,79,57,70,60,83,77
iShares GNMA Bond ETF,GNMA,NASDAQ,87,25,40,3/18/2021,38,96,44,77,4,25,83,55
Cooper-Standard Holdings Inc.,CPS,NYSE,81,87,77,3/14/2021,52,94,90,91,91,65,86,39
"Validus Holdings, Ltd.",VR^A,NYSE,39,27,80,5/14/2021,80,50,3,92,67,66,75,86
Yandex N.V.,YNDX,NASDAQ,18,17,35,11/13/2021,17,95,32,65,50,5,44,17
"Care.com, Inc.",CRCM,NYSE,84,17,58,3/18/2021,94,77,66,77,49,93,38,23
"Diplomat Pharmacy, Inc.",DPLO,NYSE,45,15,33,10/28/2021,14,92,62,61,14,9,60,4
"Thor Industries, Inc.",THO,NYSE,28,63,10,4/23/2021,16,58,29,35,96,52,100,40
Magal Security Systems Ltd.,MAGS,NASDAQ,32,62,67,12/12/2021,16,90,61,54,67,4,96,99
"Royal Gold, Inc.",RGLD,NASDAQ,71,88,32,8/13/2021,57,23,46,80,22,77,84,85
"Cogentix Medical, Inc.",CGNT,NASDAQ,30,52,64,10/8/2021,39,24,9,26,22,27,88,89
RLJ Lodging Trust,RLJ,NYSE,49,78,76,10/12/2021,87,55,40,37,15,84,27,12
"CF Industries Holdings, Inc.",CF,NYSE,40,59,24,5/22/2021,43,81,31,7,22,11,36,63
"Stag Industrial, Inc.",STAG,NYSE,74,29,64,7/14/2021,40,11,98,8,21,2,13,96
First Trust International IPO ETF,FPXI,NASDAQ,16,95,28,9/21/2021,52,94,100,52,17,97,47,8
Banco Bradesco Sa,BBDO,NYSE,50,56,89,3/21/2021,49,39,96,36,51,48,9,27
"Crocs, Inc.",CROX,NASDAQ,79,87,10,4/3/2021,38,99,1,8,72,42,47,42
First Trust NASDAQ Global Auto Index Fund,CARZ,NASDAQ,1,55,54,6/13/2021,75,30,41,61,6,24,16,25
Public Storage,PSA^C,NYSE,72,94,80,2/22/2021,49,15,76,88,85,65,12,21
First Trust New Opportunities MLP & Energy Fund,FPL,NYSE,39,71,23,11/5/2021,97,43,92,4,34,12,54,98
Northern Technologies International Corporation,NTIC,NASDAQ,91,29,24,6/5/2021,56,21,100,27,94,58,77,65
Horizon Global Corporation,HZN,NYSE,100,96,13,8/15/2021,7,13,24,70,98,67,61,95
Nuveen Build America Bond Opportunity Fund,NBD,NYSE,64,83,35,6/19/2021,22,58,89,47,68,67,88,69
Barclays Inverse US Treasury Composite ETN,TAPR,NASDAQ,11,17,51,8/6/2021,55,95,77,67,97,1,95,99
Chimera Investment Corporation,CIM^A,NYSE,54,100,26,8/31/2021,43,27,21,63,28,66,60,28
Ferroglobe PLC,GSM,NASDAQ,31,25,76,11/13/2021,50,26,92,35,50,12,23,21
Aehr Test Systems,AEHR,NASDAQ,21,21,10,5/1/2021,2,12,87,10,89,79,46,18
Asure Software Inc,ASUR,NASDAQ,55,23,76,8/26/2021,32,88,89,98,70,32,92,28
General Dynamics Corporation,GD,NYSE,2,16,35,6/11/2021,8,100,37,25,53,70,20,58
Murphy USA Inc.,MUSA,NYSE,46,68,16,10/2/2021,56,44,96,73,41,26,16,20
"Churchill Downs, Incorporated",CHDN,NASDAQ,25,68,18,3/10/2021,72,35,25,77,20,60,29,97
Alcoa Corporation,AA,NYSE,58,98,60,8/6/2021,11,6,64,85,71,44,61,20
"PS Business Parks, Inc.",PSB^W,NYSE,74,66,10,1/1/2022,84,70,53,76,57,35,99,34
KKR & Co. L.P.,KKR^B,NYSE,98,37,96,4/13/2021,63,27,90,38,68,35,49,95
Telecom Italia S.P.A.,TI,NYSE,78,70,10,3/19/2021,63,56,33,93,68,89,61,45
Texas Instruments Incorporated,TXN,NASDAQ,65,60,18,10/4/2021,83,15,54,86,28,7,31,9
"Zoe's Kitchen, Inc.",ZOES,NYSE,59,36,4,8/27/2021,75,45,8,12,62,15,31,11
"Dillard's, Inc.",DDT,NYSE,28,90,45,6/4/2021,17,51,41,21,53,28,6,74
"CVR Refining, LP",CVRR,NYSE,11,24,98,12/8/2021,85,48,28,9,10,9,1,42
"SharpSpring, Inc.",SHSP,NASDAQ,36,89,52,7/25/2021,34,58,69,88,24,92,18,30
"American Financial Group, Inc.",AFW.CL,NYSE,39,64,96,10/17/2021,53,2,89,26,83,41,55,5
"Customers Bancorp, Inc",CUBI,NYSE,74,84,44,5/28/2021,8,6,21,82,23,41,6,82
"Synthesis Energy Systems, Inc.",SYMX,NASDAQ,57,10,36,2/3/2021,19,90,46,23,95,22,15,23
Nuveen New York Quality Municipal Income Fund,NAN,NYSE,48,89,30,12/26/2021,7,10,66,37,9,3,30,2
"Banco Santander, S.A.",SAN^A,NYSE,19,88,20,2/18/2021,42,89,24,95,81,75,87,44
Shinhan Financial Group Co Ltd,SHG,NYSE,93,76,5,6/13/2021,21,42,72,26,11,61,57,61
La Jolla Pharmaceutical Company,LJPC,NASDAQ,72,55,46,12/20/2021,31,41,20,66,81,7,21,22
"Huttig Building Products, Inc.",HBP,NASDAQ,48,90,24,10/7/2021,31,50,37,98,76,49,40,5
Seanergy Maritime Holdings Corp,SHIP,NASDAQ,92,63,45,9/12/2021,94,46,35,7,14,37,99,82
Select Asset Inc.,JBN,NYSE,9,26,17,2/9/2021,63,13,78,86,79,75,29,58
TELUS Corporation,TU,NYSE,89,10,74,3/4/2021,98,19,1,60,94,82,29,74
"MetLife, Inc.",MET,NYSE,58,95,15,3/16/2021,37,80,64,35,26,29,16,23
iShares S&P/Citigroup International Treasury Bond Fund,IGOV,NASDAQ,98,17,8,6/28/2021,9,28,40,92,61,37,19,87
Microchip Technology Incorporated,MCHP,NASDAQ,59,21,51,2/22/2021,82,34,15,27,88,91,90,14
Kayne Anderson MLP Investment Company,KYN,NYSE,32,97,95,11/6/2021,39,58,34,63,19,71,14,53
"Tactile Systems Technology, Inc.",TCMD,NASDAQ,76,55,8,11/4/2021,96,28,80,24,54,31,16,34
Baker Hughes Incorporated,BHI,NYSE,96,56,71,10/17/2021,59,50,87,8,45,91,82,12
Liberty Interactive Corporation,QVCA,NASDAQ,30,26,9,5/12/2021,17,77,23,15,58,53,18,74
Cohen & Steers Quality Income Realty Fund Inc,RQI,NYSE,99,89,25,6/4/2021,4,6,52,45,70,67,23,81
Sprague Resources LP,SRLP,NYSE,67,98,47,4/19/2021,13,95,72,90,18,55,51,58
"Southcross Energy Partners, L.P.",SXE,NYSE,23,66,17,5/23/2021,80,49,68,40,56,97,18,3
Dow Chemical Company (The),DOW,NYSE,24,62,19,10/7/2021,38,44,31,97,95,17,44,69
"Liquidity Services, Inc.",LQDT,NASDAQ,22,29,95,1/30/2021,1,32,37,57,100,53,27,74
Bank of America Corporation,BML^J,NYSE,73,27,22,12/5/2021,18,81,13,4,12,20,4,27
"NxStage Medical, Inc.",NXTM,NASDAQ,83,80,9,3/14/2021,18,87,36,5,29,81,11,30
LivaNova PLC,LIVN,NASDAQ,74,50,15,5/21/2021,76,96,56,60,25,59,46,81
Royal Bank Scotland plc (The),RBS^H,NYSE,4,63,5,5/3/2021,75,59,21,59,49,89,14,84
ABB Ltd,ABB,NYSE,38,11,60,10/11/2021,8,18,67,87,88,56,87,78
"Vail Resorts, Inc.",MTN,NYSE,9,38,82,2/11/2021,59,26,40,16,85,66,2,52
"Calavo Growers, Inc.",CVGW,NASDAQ,80,84,53,2/3/2021,55,19,26,23,65,45,66,10
Encore Wire Corporation,WIRE,NASDAQ,97,26,14,2/6/2021,8,43,86,1,74,98,82,15
PACCAR Inc.,PCAR,NASDAQ,29,92,98,11/17/2021,85,54,22,54,44,25,97,80
"Prologis, Inc.",PLD,NYSE,69,18,17,5/7/2021,72,73,88,33,3,86,3,46
CVB Financial Corporation,CVBF,NASDAQ,41,48,48,8/13/2021,96,76,56,77,59,71,72,23
Alleghany Corporation,Y,NYSE,80,78,11,2/14/2021,21,32,35,58,65,29,83,39
"Source Capital, Inc.",SOR,NYSE,34,48,48,1/25/2021,69,43,78,83,75,81,50,45
NASDAQ TEST STOCK,NTEST.A,NYSE,87,44,44,1/27/2021,13,58,74,36,15,27,23,15
FlexShares US Quality Large Cap Index Fund,QLC,NASDAQ,61,99,9,10/25/2021,97,100,13,20,15,89,53,11
icad inc.,ICAD,NASDAQ,49,26,86,9/7/2021,85,48,25,49,27,71,37,13
ENI S.p.A.,E,NYSE,95,15,68,1/26/2021,66,73,93,4,99,13,14,86
"NeoGenomics, Inc.",NEO,NASDAQ,73,37,77,2/6/2021,50,98,20,50,95,94,12,48
Genesco Inc.,GCO,NYSE,84,84,58,7/13/2021,26,41,3,37,25,15,97,57
"Profire Energy, Inc.",PFIE,NASDAQ,24,88,72,11/9/2021,23,16,30,44,95,26,37,45
Waters Corporation,WAT,NYSE,13,99,2,4/4/2021,14,84,70,47,57,37,1,97
Macerich Company (The),MAC,NYSE,98,39,70,2/23/2021,78,73,86,57,11,53,92,54
"Wolverine Bancorp, Inc.",WBKC,NASDAQ,7,8,96,5/4/2021,17,52,84,32,77,35,48,5
First Trust United Kingdom AlphaDEX Fund,FKU,NASDAQ,92,53,43,8/9/2021,29,27,78,31,62,57,90,30
"Nord Anglia Education, Inc.",NORD,NYSE,8,96,85,2/26/2021,8,97,34,85,18,84,13,30
"Chiasma, Inc.",CHMA,NASDAQ,93,22,46,11/3/2021,44,81,23,85,75,91,32,88
Jazz Pharmaceuticals plc,JAZZ,NASDAQ,86,21,17,3/30/2021,76,62,94,41,1,31,22,36
Enbridge Energy Management LLC,EEQ,NYSE,80,96,52,12/6/2021,2,28,34,63,83,91,100,19
"New York & Company, Inc.",NWY,NYSE,92,99,82,8/12/2021,64,67,18,76,97,75,17,91
VALE S.A.,VALE.P,NYSE,12,55,11,3/16/2021,68,96,14,29,100,45,89,65
Nuveen S&P 500 Buy-Write Income Fund,BXMX,NYSE,55,76,1,6/30/2021,100,94,99,66,41,26,83,89
American Tower Corporation (REIT),AMT^B,NYSE,44,97,81,3/3/2021,31,94,50,39,22,51,40,38
"NextEra Energy, Inc.",NEE^Q,NYSE,87,38,94,5/17/2021,6,93,37,88,11,95,4,27
"Internet Initiative Japan, Inc.",IIJI,NASDAQ,24,2,23,7/4/2021,23,3,35,4,55,77,24,44
"Alliance Resource Partners, L.P.",ARLP,NASDAQ,30,75,12,10/13/2021,7,59,48,26,64,28,50,89
Tenet Healthcare Corporation,THC,NYSE,85,66,47,12/10/2021,48,27,52,35,73,78,25,83
VTTI Energy Partners LP,VTTI,NYSE,99,2,50,2/23/2021,84,13,48,52,30,98,19,55
Nuveen Short Duration Credit Opportunities Fund,JSD,NYSE,17,74,38,11/18/2021,8,28,12,81,64,41,38,56
Cimpress N.V,CMPR,NASDAQ,90,70,3,9/28/2021,26,10,87,15,90,52,78,29
LKQ Corporation,LKQ,NASDAQ,86,95,26,7/18/2021,18,70,42,5,81,28,21,13
Community Bankers Trust Corporation.,ESXB,NASDAQ,35,54,15,6/22/2021,42,47,36,30,81,34,38,6
"PC Connection, Inc.",CNXN,NASDAQ,15,34,90,11/3/2021,6,55,90,12,73,43,20,23
RiceBran Technologies,RIBTW,NASDAQ,41,1,56,5/28/2021,88,44,32,77,99,96,63,29
"Chegg, Inc.",CHGG,NYSE,78,2,90,12/6/2021,79,35,91,64,16,15,29,72
Royal Bank Of Canada,RY,NYSE,15,32,13,9/18/2021,44,54,37,37,67,72,87,39
Nuveen California Municipal Value Fund 2,NCB,NYSE,49,44,63,1/31/2021,18,46,85,77,23,48,16,52
Materialise NV,MTLS,NASDAQ,45,93,81,1/28/2021,39,25,62,49,7,3,67,59
"T. Rowe Price Group, Inc.",TROW,NASDAQ,16,17,70,4/15/2021,33,35,57,73,99,72,52,42
"AG Mortgage Investment Trust, Inc.",MITT,NYSE,28,72,89,12/31/2021,48,41,2,100,83,32,47,36
Vanguard Russell 3000 ETF,VTHR,NASDAQ,20,16,42,4/12/2021,94,93,94,31,40,86,28,25
Liberty Media Corporation,LSXMK,NASDAQ,78,50,29,12/9/2021,29,58,36,24,6,100,53,13
Mitsubishi UFJ Financial Group Inc,MTU,NYSE,30,52,60,10/12/2021,30,53,96,21,13,20,72,19
Eltek Ltd.,ELTK,NASDAQ,81,87,56,1/14/2021,29,89,66,9,45,100,92,82
CymaBay Therapeutics Inc.,CBAY,NASDAQ,61,97,31,5/29/2021,85,76,38,61,51,85,38,18
"West Pharmaceutical Services, Inc.",WST,NYSE,93,12,66,11/30/2021,82,25,87,2,51,49,62,35
Citizens & Northern Corp,CZNC,NASDAQ,88,9,42,2/20/2021,45,12,60,13,66,70,83,75
"Bloomin' Brands, Inc.",BLMN,NASDAQ,47,9,7,10/18/2021,32,56,62,56,32,26,87,24
Novartis AG,NVS,NYSE,27,86,52,2/3/2021,16,26,72,69,77,83,85,8
Civeo Corporation,CVEO,NYSE,70,40,76,5/19/2021,58,7,95,65,45,84,85,13
Kroger Company (The),KR,NYSE,89,89,87,11/13/2021,55,42,32,44,91,21,89,46
"Integrated Device Technology, Inc.",IDTI,NASDAQ,63,9,14,2/10/2021,69,39,62,55,17,42,9,31
ePlus inc.,PLUS,NASDAQ,82,54,11,11/29/2021,64,10,78,86,27,13,3,64
Brookdale Senior Living Inc.,BKD,NYSE,33,7,21,9/19/2021,91,86,27,43,76,18,23,22
iShares GNMA Bond ETF,GNMA,NASDAQ,55,11,27,3/13/2021,6,45,58,98,8,41,71,15
Public Storage,PSA^B,NYSE,95,20,59,10/16/2021,46,70,22,85,93,22,20,34
"Landcadia Holdings, Inc.",LCAHU,NASDAQ,25,32,69,1/24/2021,66,1,11,60,46,28,97,61
John Hancock Preferred Income Fund III,HPS,NYSE,7,87,59,7/19/2021,50,9,3,4,47,53,84,88
Azul S.A.,AZUL,NYSE,30,65,98,8/22/2021,47,79,64,87,64,72,56,21
Panera Bread Company,PNRA,NASDAQ,47,43,51,10/15/2021,25,88,49,21,66,99,9,88
Gabelli NextShares Trust,MOGLC,NASDAQ,6,78,68,11/4/2021,95,37,99,81,71,29,72,29
Stellar Acquisition III Inc.,STLR,NASDAQ,74,77,78,5/29/2021,26,69,12,56,40,6,40,64
Rocket Fuel Inc.,FUEL,NASDAQ,41,83,65,12/26/2021,100,71,26,44,98,87,53,27
"Bazaarvoice, Inc.",BV,NASDAQ,87,88,77,7/3/2021,44,74,17,42,32,65,24,100
Intra-Cellular Therapies Inc.,ITCI,NASDAQ,32,59,90,12/13/2021,81,89,12,60,33,47,88,49
"Hennessy Advisors, Inc.",HNNA,NASDAQ,23,87,63,3/2/2021,78,15,24,44,98,97,84,64
China Unicom (Hong Kong) Ltd,CHU,NYSE,96,1,64,8/1/2021,94,1,8,42,67,76,43,97
Delta Technology Holdings Limited,DELTW,NASDAQ,98,4,35,11/6/2021,7,27,55,83,11,73,55,7
Limoneira Co,LMNR,NASDAQ,80,64,4,10/4/2021,19,14,46,34,71,92,76,34
Terex Corporation,TEX,NYSE,73,5,50,8/25/2021,28,17,59,72,16,15,62,24
Capital Product Partners L.P.,CPLP,NASDAQ,48,5,45,3/4/2021,98,52,5,24,58,60,44,86
"Williams Companies, Inc. (The)",WMB,NYSE,50,31,74,1/20/2021,85,80,67,36,61,66,23,35
"Mesa Laboratories, Inc.",MLAB,NASDAQ,1,48,71,6/6/2021,88,27,10,69,77,83,8,82
Apollo Commercial Real Estate Finance,ARI^A,NYSE,58,23,17,3/27/2021,84,14,21,6,25,47,37,56
Synovus Financial Corp.,SNV,NYSE,3,84,16,4/15/2021,74,60,17,50,5,18,59,13
PowerShares DWA Energy Momentum Portfolio,PXI,NASDAQ,16,67,63,4/30/2021,39,65,44,65,79,95,75,14
First Trust Large Cap Core AlphaDEX Fund,FEX,NASDAQ,22,38,22,3/2/2021,60,71,17,72,80,53,82,34
8point3 Energy Partners LP,CAFD,NASDAQ,44,68,62,9/9/2021,37,12,53,71,87,12,96,30
"TheStreet, Inc.",TST,NASDAQ,69,67,64,12/21/2021,26,7,76,12,80,47,36,12
"Olympic Steel, Inc.",ZEUS,NASDAQ,32,48,8,2/26/2021,41,75,32,33,58,53,56,57
"Gabelli Convertible and Income Securities Fund, Inc. (The)",GCV,NYSE,86,5,73,6/2/2021,55,43,46,24,21,93,5,16
"NRG Energy, Inc.",NRG,NYSE,29,15,75,11/13/2021,26,13,17,43,17,91,22,89
Origo Acquisition Corporation,OACQU,NASDAQ,27,38,52,5/26/2021,26,26,88,58,4,81,36,3
Senior Housing Properties Trust,SNH,NASDAQ,48,84,48,6/16/2021,99,15,95,17,90,17,48,33
KKR & Co. L.P.,KKR^B,NYSE,69,85,61,11/14/2021,88,73,76,40,94,53,51,42
CECO Environmental Corp.,CECE,NASDAQ,74,63,95,6/28/2021,79,27,4,18,10,15,31,89
"City Office REIT, Inc.",CIO,NYSE,46,8,94,6/27/2021,40,34,47,97,86,50,51,15
Macatawa Bank Corporation,MCBC,NASDAQ,82,3,71,4/14/2021,47,43,58,56,54,13,44,44
Entegra Financial Corp.,ENFC,NASDAQ,32,48,70,6/25/2021,46,49,89,8,82,61,82,79
General Electric Capital Corporation,GEH,NYSE,73,51,67,5/9/2021,72,65,53,64,55,76,88,27
Royal Caribbean Cruises Ltd.,RCL,NYSE,20,57,77,4/17/2021,7,74,91,97,37,96,84,79
Nuveen Select Tax Free Income Portfolio II,NXQ,NYSE,65,78,24,11/16/2021,44,50,37,81,46,86,15,16
"AppFolio, Inc.",APPF,NASDAQ,33,94,16,8/14/2021,41,62,97,20,63,54,58,14
"One Horizon Group, Inc.",OHGI,NASDAQ,44,1,2,1/4/2022,76,58,80,28,74,45,40,91
"Nustar GP Holdings, LLC",NSH,NYSE,66,42,100,1/24/2021,15,12,38,10,3,16,49,58
PIMCO Income Strategy Fund,PFL,NYSE,25,35,50,10/29/2021,89,78,32,26,21,66,13,80
WSFS Financial Corporation,WSFSL,NASDAQ,55,89,57,6/18/2021,86,74,49,94,32,72,48,87
Foresight Autonomous Holdings Ltd.,FRSX,NASDAQ,100,55,63,5/8/2021,86,92,90,81,40,7,92,38
"Home Federal Bancorp, Inc. of Louisiana",HFBL,NASDAQ,36,9,96,1/22/2021,1,22,44,3,15,68,83,2
"NACCO Industries, Inc.",NC,NYSE,42,59,100,10/5/2021,81,39,59,88,95,63,54,81
"HV Bancorp, Inc.",HVBC,NASDAQ,62,3,64,3/3/2021,99,93,22,45,4,49,74,58
Intel Corporation,INTC,NASDAQ,56,28,9,7/7/2021,74,61,82,16,39,59,48,79
Sequans Communications S.A.,SQNS,NYSE,55,45,10,1/23/2021,37,71,13,41,90,91,36,59
"AAC Holdings, Inc.",AAC,NYSE,77,37,97,9/30/2021,80,69,34,38,66,37,79,39
Sealed Air Corporation,SEE,NYSE,93,69,95,2/9/2021,19,3,94,55,87,5,8,69
Seaspan Corporation,SSW^G,NYSE,50,96,16,11/21/2021,49,87,25,52,44,29,11,12
Western Asset Variable Rate Strategic Fund Inc.,GFY,NYSE,67,68,51,11/30/2021,1,16,57,68,27,57,40,34
"Bear State Financial, Inc.",BSF,NASDAQ,53,87,56,6/23/2021,47,90,18,63,94,53,14,52
"TSR, Inc.",TSRI,NASDAQ,85,14,27,5/5/2021,37,53,57,14,46,23,18,52
"Donegal Group, Inc.",DGICB,NASDAQ,85,19,95,8/31/2021,90,90,15,10,22,58,56,18
ABM Industries Incorporated,ABM,NYSE,10,93,24,6/19/2021,63,23,33,12,61,96,14,74
Polaris Industries Inc.,PII,NYSE,68,59,1,12/11/2021,39,31,37,79,42,2,24,92
Countrywide Financial Corporation,CFC^B,NYSE,10,78,88,12/29/2021,23,12,69,54,4,4,26,33
Sony Corp Ord,SNE,NYSE,90,9,27,9/23/2021,60,5,64,64,7,87,14,4
LCNB Corporation,LCNB,NASDAQ,83,60,74,4/18/2021,21,96,8,9,38,77,18,78
iStar Financial Inc.,STAR          ,NYSE,98,82,21,11/11/2021,62,94,30,89,46,57,15,14
"Entergy Arkansas, Inc.",EAI,NYSE,1,56,98,11/11/2021,32,28,97,5,83,81,11,45
"KVH Industries, Inc.",KVHI,NASDAQ,47,75,60,10/19/2021,61,89,24,22,26,55,62,40
"Myers Industries, Inc.",MYE,NYSE,20,82,20,6/2/2021,43,1,45,59,53,1,68,1
Ivy NextShares,IVFGC,NASDAQ,6,25,31,12/27/2021,33,53,46,37,23,95,17,6
Alere Inc.,ALR,NYSE,85,92,35,12/19/2021,64,9,66,98,68,34,50,35
Pitney Bowes Inc.,PBI,NYSE,36,79,62,3/30/2021,67,93,69,24,40,53,43,73
SunPower Corporation,SPWR,NASDAQ,15,35,82,2/16/2021,14,35,48,10,63,46,38,98
Pembina Pipeline Corp.,PBA,NYSE,76,10,30,3/27/2021,26,87,50,17,37,36,92,74
"Village Super Market, Inc.",VLGEA,NASDAQ,34,55,48,9/20/2021,9,26,20,51,93,70,75,63
"Windstream Holdings, Inc.",WIN,NASDAQ,5,83,99,4/13/2021,17,100,51,91,100,85,65,98
GSV Capital Corp,GSVC,NASDAQ,38,57,38,10/22/2021,79,24,97,57,28,49,73,17
Arbor Realty Trust,ABR^C,NYSE,92,87,5,12/31/2021,72,3,62,56,58,94,87,92
FirstService Corporation,FSV,NASDAQ,90,29,42,7/21/2021,79,57,11,37,93,16,79,60
"Anthem, Inc.",ANTX,NYSE,10,66,39,9/6/2021,3,34,76,17,55,81,24,44
Global X Millennials Thematic ETF,MILN,NASDAQ,5,8,28,5/2/2021,100,18,30,30,13,57,54,73
Xactly Corporation,XTLY,NYSE,28,38,39,12/26/2021,47,44,61,84,58,29,88,5
"MMA Capital Management, LLC",MMAC,NASDAQ,92,24,9,12/28/2021,54,41,40,66,24,9,79,79
Garrison Capital Inc.,GARS,NASDAQ,19,66,72,11/7/2021,64,5,29,73,27,56,23,7
TPG Pace Energy Holdings Corp.,TPGE.U,NYSE,7,15,51,8/27/2021,52,97,36,74,6,74,43,23
Cohen & Steers Inc,CNS,NYSE,32,45,18,8/28/2021,33,81,14,14,87,11,77,6
Comtech Telecommunications Corp.,CMTL,NASDAQ,30,48,90,10/30/2021,36,66,46,54,8,22,13,72
Eli Lilly and Company,LLY,NYSE,22,4,56,1/29/2021,49,62,27,22,58,97,53,47
"Gamco Investors, Inc.",GBL,NYSE,48,43,65,2/9/2021,48,18,69,51,83,92,8,46
"HMN Financial, Inc.",HMNF,NASDAQ,89,85,22,3/7/2021,92,24,99,85,100,12,90,53
"Cambium Learning Group, Inc.",ABCD,NASDAQ,70,65,85,2/28/2021,97,91,60,80,44,73,20,40
CABCO Series 2004-101 Trust,PFH,NYSE,94,5,68,1/16/2021,29,71,13,61,43,16,4,24
Invacare Corporation,IVC,NYSE,39,70,60,9/27/2021,9,7,32,84,96,15,100,97
"Nike, Inc.",NKE,NYSE,2,83,99,8/25/2021,76,37,25,11,8,40,100,28
CYREN Ltd.,CYRN,NASDAQ,77,55,50,9/12/2021,85,95,37,62,34,61,47,94
Cliffs Natural Resources Inc.,CLF,NYSE,37,87,76,4/8/2021,43,97,44,88,60,79,12,91
DRDGOLD Limited,DRD,NYSE,71,14,71,3/29/2021,93,25,6,66,79,82,67,9
Regulus Therapeutics Inc.,RGLS,NASDAQ,94,78,59,10/11/2021,10,29,43,10,19,5,35,15
ALPS/Dorsey Wright Sector Momentum ETF,SWIN,NASDAQ,33,77,23,4/12/2021,7,92,22,45,71,84,78,15
WebMD Health Corp,WBMD,NASDAQ,46,78,29,3/29/2021,31,40,91,58,75,62,91,84
John Hancock Tax-Advantaged Global Shareholder Yield Fund,HTY,NYSE,65,40,46,6/28/2021,85,68,53,71,50,89,36,95
"Bellerophon Therapeutics, Inc.",BLPH,NASDAQ,78,61,96,10/18/2021,89,86,16,54,40,100,98,20
China Recycling Energy Corporation,CREG,NASDAQ,27,26,61,12/12/2021,66,31,7,100,67,61,37,68
Cyanotech Corporation,CYAN,NASDAQ,36,88,14,6/19/2021,90,46,14,45,71,70,82,95
"HFF, Inc.",HF,NYSE,7,21,65,3/15/2021,85,15,55,5,44,50,45,42
"Ascent Capital Group, Inc.",ASCMA,NASDAQ,24,88,30,5/4/2021,6,51,3,90,91,62,35,61
Primo Water Corporation,PRMW,NASDAQ,34,10,64,7/13/2021,78,18,69,80,89,68,47,36
Universal Display Corporation,OLED,NASDAQ,96,45,81,1/3/2022,97,45,80,64,4,91,69,47
"CVR Partners, LP",UAN,NYSE,65,5,65,3/13/2021,44,99,45,87,99,64,20,64
"Prestige Brand Holdings, Inc.",PBH,NYSE,44,66,90,7/25/2021,52,62,23,21,19,19,82,59
Chemical Financial Corporation,CHFC,NASDAQ,43,44,96,3/26/2021,73,34,85,82,76,60,80,22
Range Resources Corporation,RRC,NYSE,59,53,63,1/29/2021,64,83,78,58,25,58,86,4
"Natural Gas Services Group, Inc.",NGS,NYSE,70,78,63,6/3/2021,74,21,60,65,98,92,2,84
"Entergy Arkansas, Inc.",EAE,NYSE,96,84,31,11/28/2021,95,48,92,14,27,63,76,38
Jacksonville Bancorp Inc.,JXSB,NASDAQ,92,63,36,9/28/2021,41,61,9,69,15,20,90,77
The Medicines Company,MDCO,NASDAQ,46,29,56,2/7/2021,75,13,73,97,99,80,61,45
Antero Resources Corporation,AR,NYSE,37,21,92,11/5/2021,20,66,21,17,8,77,73,99
Agnico Eagle Mines Limited,AEM,NYSE,59,59,45,4/10/2021,68,24,46,49,27,50,72,50
Vanguard Long-Term Government Bond ETF,VGLT,NASDAQ,34,29,13,8/5/2021,50,88,92,94,77,5,47,20
BRF S.A.,BRFS,NYSE,9,93,96,3/29/2021,12,62,2,45,79,72,33,95
"Merck & Company, Inc.",MRK,NYSE,27,53,67,3/17/2021,96,65,92,9,14,84,28,99
"Fortress Biotech, Inc.",FBIO,NASDAQ,71,70,37,1/4/2022,22,63,81,33,50,20,90,28
"Trinity Industries, Inc.",TRN,NYSE,37,18,21,12/24/2021,57,1,43,88,63,78,7,78
"American Renal Associates Holdings, Inc",ARA,NYSE,23,30,97,12/14/2021,36,55,40,96,81,17,21,98
SJW Group,SJW,NYSE,88,27,7,6/6/2021,85,94,75,48,20,20,52,16
58.com Inc.,WUBA,NYSE,81,95,56,3/22/2021,2,27,20,51,24,56,92,75
"Lowe's Companies, Inc.",LOW,NYSE,11,72,75,1/17/2021,75,26,66,98,90,83,10,54
"Douglas Dynamics, Inc.",PLOW,NYSE,72,56,99,6/13/2021,11,73,15,14,3,32,14,25
Puma Biotechnology Inc,PBYI,NASDAQ,43,16,15,1/7/2022,83,56,42,37,9,10,94,87
MFS Intermediate Income Trust,MIN,NYSE,7,43,17,5/25/2021,5,5,60,96,50,44,63,91
PowerShares Global Water Portfolio,PIO,NASDAQ,87,53,61,3/28/2021,51,61,23,15,16,8,43,32
BlackRock New Jersey Municipal Income Trust,BNJ,NYSE,43,29,42,10/19/2021,38,87,75,9,95,46,97,6
"Western Asset Municipal High Income Fund, Inc.",MHF,NYSE,86,79,10,12/23/2021,84,6,37,77,27,2,35,57
Lexington Realty Trust,LXP^C,NYSE,28,54,17,1/13/2022,38,56,29,46,99,98,56,48
Gazit-Globe Ltd.,GZT,NYSE,47,79,29,9/29/2021,27,86,69,68,51,62,54,70
"American Realty Investors, Inc.",ARL,NYSE,14,21,26,2/13/2021,63,73,71,39,74,50,33,87
Student Transportation Inc,STB,NASDAQ,14,81,77,1/2/2022,81,83,3,99,77,87,21,79
Autobytel Inc.,ABTL,NASDAQ,60,13,17,4/28/2021,94,76,51,5,95,58,60,91
"Opexa Therapeutics, Inc.",OPXAW,NASDAQ,9,46,82,6/18/2021,37,98,47,78,20,47,91,83
"LEAP THERAPEUTICS, INC.",LPTX,NASDAQ,76,70,69,2/4/2021,54,78,15,80,78,13,40,48
"KAR Auction Services, Inc",KAR,NYSE,35,45,37,8/23/2021,85,4,14,23,68,25,97,74
"Southern National Bancorp of Virginia, Inc.",SONA,NASDAQ,14,37,19,4/25/2021,88,71,58,54,52,72,24,26
Aegon NV,AEH,NYSE,49,8,48,4/21/2021,71,15,70,71,93,94,24,24
WisdomTree U.S. SmallCap Quality Dividend Growth Fund,DGRS,NASDAQ,65,99,53,1/16/2021,18,98,30,5,57,26,56,14
"Safe Bulkers, Inc",SB^B,NYSE,44,43,74,1/12/2022,40,71,86,62,92,77,32,62
"Blackrock MuniYield California Insured Fund, Inc.",MCA,NYSE,66,7,96,9/15/2021,60,79,28,95,29,35,58,56
"Blackrock MuniHoldings Quality Fund, Inc.",MUS,NYSE,48,78,98,6/18/2021,87,26,3,72,50,47,40,84
Torchmark Corporation,TMK^B,NYSE,77,48,26,12/27/2021,9,31,53,4,69,71,42,95
Boston Scientific Corporation,BSX,NYSE,46,94,87,9/26/2021,13,11,17,45,97,18,54,85
Coupa Software Incorporated,COUP,NASDAQ,66,99,34,11/28/2021,98,51,97,60,33,11,19,16
"Siliconware Precision Industries Company, Ltd.",SPIL,NASDAQ,7,10,72,1/2/2022,86,8,36,54,86,42,76,29
First Trust Mid Cap Core AlphaDEX Fund,FNX,NASDAQ,95,14,84,1/13/2022,61,86,41,57,23,17,9,39
Baytex Energy Corp,BTE,NYSE,37,72,7,7/9/2021,15,23,2,71,88,84,97,66
Capital One Financial Corporation,COF^F,NYSE,62,87,8,5/16/2021,21,78,60,65,97,40,75,53
"Sigma Labs, Inc.",SGLBW,NASDAQ,87,6,25,9/28/2021,43,9,85,27,56,66,31,46
First South Bancorp Inc,FSBK,NASDAQ,57,66,61,1/21/2021,59,94,82,68,46,94,19,61
EMC Insurance Group Inc.,EMCI,NASDAQ,25,66,35,7/22/2021,21,91,86,79,21,26,52,83
Dollar General Corporation,DG,NYSE,82,91,17,4/12/2021,14,30,83,46,17,100,59,44
Tsakos Energy Navigation Ltd,TNP^E,NYSE,37,81,87,10/6/2021,72,11,10,81,6,98,64,73
ZAGG Inc,ZAGG,NASDAQ,83,1,13,9/11/2021,21,33,85,68,84,79,27,2
"Coffee Holding Co., Inc.",JVA,NASDAQ,82,45,20,1/7/2022,61,65,58,68,65,78,41,8
CBX (Listing Market NYSE Networks AE,CBX,NYSE,75,42,20,9/6/2021,19,39,30,44,95,56,5,72
Seaspan Corporation,SSW^D,NYSE,2,24,53,12/24/2021,43,67,21,52,42,66,26,14
Dynagas LNG Partners LP,DLNG^A,NYSE,64,96,75,1/3/2022,76,5,100,54,11,12,18,64
Ecopetrol S.A.,EC,NYSE,26,8,41,12/25/2021,16,95,24,100,7,42,9,60
Centene Corporation,CNC,NYSE,94,28,19,3/4/2021,97,64,34,38,19,89,99,67
Arbor Realty Trust,ABRN,NYSE,54,94,37,3/19/2021,47,71,58,75,47,86,27,12
Playa Hotels & Resorts N.V.,PLYAW,NASDAQ,72,85,100,4/23/2021,36,66,99,14,10,5,44,40
"Catasys, Inc.",CATS,NASDAQ,35,92,97,12/12/2021,67,8,4,19,50,60,85,44
Public Storage,PSA^U,NYSE,77,89,9,6/27/2021,38,31,22,86,91,96,11,82
Cowen Inc.,COWNL,NASDAQ,24,9,61,6/21/2021,47,78,4,100,49,14,74,83
"Dover Motorsports, Inc.",DVD,NYSE,100,52,84,1/4/2022,31,35,70,35,72,12,98,56
Turtle Beach Corporation,HEAR,NASDAQ,100,71,95,7/21/2021,31,25,83,4,14,6,29,28
Ashford Hospitality Trust Inc,AHT^A,NYSE,17,26,37,7/31/2021,51,18,41,2,31,5,64,97
"Hyster-Yale Materials Handling, Inc.",HY,NYSE,70,10,100,11/5/2021,49,63,94,61,78,15,71,70
VelocityShares Daily 2x VIX Medium-Term ETN,TVIZ,NASDAQ,41,35,93,5/23/2021,87,24,20,37,51,81,28,15
"Planet Fitness, Inc.",PLNT,NYSE,86,47,24,6/3/2021,85,94,45,12,51,76,26,91
Primoris Services Corporation,PRIM,NASDAQ,63,99,61,11/18/2021,93,51,71,80,20,100,54,46
Horizons DAX Germany ETF,DAX,NASDAQ,47,18,65,9/8/2021,74,65,45,75,11,1,37,6
"Kelly Services, Inc.",KELYA,NASDAQ,100,44,20,9/15/2021,71,60,52,2,49,43,63,87
"Madrigal Pharmaceuticals, Inc.",MDGL,NASDAQ,58,21,94,6/27/2021,58,59,90,6,89,19,28,2
Energous Corporation,WATT,NASDAQ,45,43,61,7/2/2021,50,18,99,10,17,31,93,86
Zions Bancorporation,ZB^A,NYSE,73,19,16,3/28/2021,22,49,97,52,30,94,86,84
PennyMac Mortgage Investment Trust,PMT^A,NYSE,8,34,35,10/20/2021,31,96,99,59,99,28,96,10
"Mitcham Industries, Inc.",MIND,NASDAQ,64,49,44,7/14/2021,22,28,80,49,17,45,68,30
Banco De Chile,BCH,NYSE,72,44,78,6/22/2021,43,24,22,60,80,16,73,30
American Woodmark Corporation,AMWD,NASDAQ,6,54,53,5/22/2021,15,51,81,21,21,71,14,20
Kansas City Southern,KSU^,NYSE,13,24,80,7/10/2021,48,36,38,32,78,77,26,31
"OneBeacon Insurance Group, Ltd.",OB,NYSE,35,77,57,6/29/2021,84,73,29,16,65,83,64,48
"Bemis Company, Inc.",BMS,NYSE,24,93,13,1/31/2021,26,39,7,5,54,65,55,22
"Gaia, Inc.",GAIA,NASDAQ,16,42,1,4/19/2021,55,33,92,68,32,19,23,78
"Meridian Waste Solutions, Inc",MRDNW,NASDAQ,65,27,67,3/14/2021,62,15,97,73,73,22,58,92
Albemarle Corporation,ALB,NYSE,30,38,60,7/14/2021,56,62,68,40,10,33,73,8
C&F Financial Corporation,CFFI,NASDAQ,1,76,57,10/17/2021,49,50,49,67,10,27,39,16
Guggenheim Enhanced Equity Income Fund,GPM,NYSE,95,48,42,12/21/2021,31,92,19,68,27,30,47,9
"Upland Software, Inc.",UPLD,NASDAQ,23,4,86,5/25/2021,73,97,45,49,25,39,54,47
Prudential Public Limited Company,PUK^,NYSE,77,79,62,10/31/2021,55,65,29,72,44,49,2,94
Cummins Inc.,CMI,NYSE,81,100,65,7/14/2021,80,66,99,31,78,52,86,51
"Soleno Therapeutics, Inc.",SLNO,NASDAQ,20,33,59,7/7/2021,58,96,49,98,100,78,56,4
"Cohen & Steers Select Preferred and Income Fund, Inc.",PSF,NYSE,84,92,37,12/4/2021,82,74,86,86,75,58,49,96
"Schnitzer Steel Industries, Inc.",SCHN,NASDAQ,67,39,83,5/28/2021,96,63,1,87,32,92,85,86
PAVmed Inc.,PAVM,NASDAQ,6,97,1,12/5/2021,30,93,44,26,39,48,86,67
"HC2 Holdings, Inc.",HCHC,NYSE,31,84,90,10/20/2021,49,47,10,56,71,88,12,24
PLx Pharma Inc.,PLXP,NASDAQ,77,65,57,1/6/2022,92,95,76,92,41,100,87,48
iShares FTSE EPRA/NAREIT Europe Index Fund,IFEU,NASDAQ,87,57,69,10/24/2021,56,16,68,80,92,64,93,99
"Eastern Virginia Bankshares, Inc.",EVBS,NASDAQ,44,61,30,9/17/2021,1,49,24,62,60,63,37,69
Blueprint Medicines Corporation,BPMC,NASDAQ,55,51,55,10/15/2021,55,67,41,100,74,64,11,34
Chimera Investment Corporation,CIM^A,NYSE,48,20,20,2/12/2021,4,71,71,42,98,53,76,49
Wells Fargo Global Dividend Opportunity Fund,EOD,NYSE,68,32,56,11/13/2021,38,79,65,84,16,60,79,53
Oxbridge Re Holdings Limited,OXBRW,NASDAQ,96,78,35,3/28/2021,26,17,34,63,46,55,58,16
Bank of Commerce Holdings (CA),BOCH,NASDAQ,41,30,25,4/28/2021,15,71,90,95,51,18,78,59
"Sportsman's Warehouse Holdings, Inc.",SPWH,NASDAQ,96,6,35,8/8/2021,35,83,10,90,64,40,75,79
iShares MSCI EM ESG Optimized ETF,ESGE,NASDAQ,51,35,25,1/14/2021,41,87,95,47,93,90,83,30
"Synergy Pharmaceuticals, Inc.",SGYP,NASDAQ,84,65,7,2/23/2021,93,20,36,94,38,97,35,16
Oxford Lane Capital Corp.,OXLCO,NASDAQ,23,87,81,9/6/2021,87,56,91,45,22,5,54,13
Cabot Oil & Gas Corporation,COG,NYSE,51,4,15,3/17/2021,44,90,43,33,61,10,51,69
BRT Apartments Corp.,BRT,NYSE,31,6,43,3/13/2021,41,99,59,37,39,64,75,82
"UMH Properties, Inc.",UMH^A,NYSE,20,83,46,10/28/2021,29,89,79,1,57,83,88,87
Bright Horizons Family Solutions Inc.,BFAM,NYSE,92,44,35,11/5/2021,47,73,44,83,34,14,53,30
Philip Morris International Inc,PM,NYSE,31,67,97,3/21/2021,12,68,84,35,58,68,95,49
Nuveen Build America Bond Fund,NBB,NYSE,71,18,57,8/16/2021,22,75,14,94,19,44,65,53
"ING Group, N.V.",ING,NYSE,86,54,72,11/8/2021,33,56,39,64,44,85,98,66
"Apricus Biosciences, Inc.",APRI,NASDAQ,58,84,22,11/14/2021,80,33,3,93,38,4,56,53
Valvoline Inc.,VVV,NYSE,9,44,45,3/14/2021,9,79,84,44,97,32,9,79
AquaVenture Holdings Limited,WAAS,NYSE,31,27,13,8/15/2021,23,39,47,95,91,34,24,11
First Trust Germany AlphaDEX Fund,FGM,NASDAQ,49,22,42,10/14/2021,83,14,21,15,56,11,91,15
"Sound Financial Bancorp, Inc.",SFBC,NASDAQ,70,24,16,10/12/2021,39,48,11,77,72,97,4,78
Seadrill Partners LLC,SDLP,NYSE,73,33,64,2/1/2021,15,41,30,94,94,8,37,89
"AmTrust Financial Services, Inc.",AFST,NYSE,49,89,14,4/8/2021,31,70,96,84,34,67,37,31
Synnex Corporation,SNX,NYSE,10,78,55,4/7/2021,85,99,64,82,37,11,53,96
"Telephone and Data Systems, Inc.",TDS,NYSE,39,72,87,1/16/2021,8,24,90,20,79,17,66,50
ZTO Express (Cayman) Inc.,ZTO,NYSE,69,37,87,10/2/2021,54,30,89,93,27,77,98,85
CVR Energy Inc.,CVI,NYSE,18,69,37,3/31/2021,1,63,12,6,84,18,81,22
"Home Federal Bancorp, Inc. of Louisiana",HFBL,NASDAQ,42,97,6,7/13/2021,11,85,92,10,1,40,69,48
Government Properties Income Trust,GOVNI,NASDAQ,82,75,86,11/16/2021,71,75,67,2,60,84,9,62
"Western Asset Managed Municipals Fund, Inc.",MMU,NYSE,63,6,87,5/2/2021,76,1,46,2,36,5,97,24
ON Semiconductor Corporation,ON,NASDAQ,71,51,39,4/16/2021,99,23,96,20,20,3,35,1
Silicon Motion Technology Corporation,SIMO,NASDAQ,1,14,36,7/16/2021,32,52,5,100,83,81,77,47
"Blackrock MuniYield Fund, Inc.",MYD,NYSE,23,66,53,7/9/2021,67,43,75,82,8,33,11,22
K12 Inc,LRN,NYSE,7,30,35,3/20/2021,81,36,14,32,52,88,68,31
"Bellerophon Therapeutics, Inc.",BLPH,NASDAQ,62,31,8,1/26/2021,66,95,32,99,48,28,32,61
"Monro Muffler Brake, Inc.",MNRO,NASDAQ,77,83,52,12/26/2021,60,73,100,82,21,44,64,36
"CapStar Financial Holdings, Inc.",CSTR,NASDAQ,83,10,32,5/3/2021,35,98,14,48,78,89,56,57
Resource Capital Corp.,RSO,NYSE,59,26,72,12/10/2021,66,26,3,70,48,41,87,100
Japan Smaller Capitalization Fund Inc,JOF,NYSE,34,4,25,6/7/2021,58,27,91,78,53,49,72,91
Ashford Hospitality Trust Inc,AHT^F,NYSE,33,14,88,9/5/2021,25,86,42,24,18,87,2,66
Origo Acquisition Corporation,OACQR,NASDAQ,99,36,60,6/28/2021,36,85,83,43,51,71,21,14
DAQO New Energy Corp.,DQ,NYSE,70,51,57,6/8/2021,55,95,85,44,98,94,36,38
RenaissanceRe Holdings Ltd.,RNR,NYSE,57,100,41,1/26/2021,75,98,15,61,4,26,42,7
NovoCure Limited,NVCR,NASDAQ,51,23,1,3/22/2021,77,57,71,64,97,50,52,49
"China Advanced Construction Materials Group, Inc.",CADC,NASDAQ,35,45,50,2/23/2021,21,63,84,44,32,14,7,82
Arlington Asset Investment Corp,AIC,NYSE,49,92,93,12/15/2021,43,71,49,74,33,71,17,38
Embotelladora Andina S.A.,AKO.B,NYSE,56,10,95,8/2/2021,19,15,69,16,32,46,63,34
Graco Inc.,GGG,NYSE,25,52,38,3/3/2021,77,22,53,21,60,92,16,90
First Trust NASDAQ Smartphone Index Fund,FONE,NASDAQ,96,17,60,8/5/2021,97,69,56,82,27,18,61,85
"Sigma Labs, Inc.",SGLBW,NASDAQ,61,7,12,8/30/2021,100,55,10,36,47,99,7,56
Pacific Continental Corporation (Ore),PCBK,NASDAQ,25,16,15,10/21/2021,2,97,98,46,79,71,85,16
PowerShares S&P SmallCap Information Technology Portfolio,PSCT,NASDAQ,81,38,32,10/25/2021,88,85,99,14,27,44,16,2
Chesapeake Energy Corporation,CHK,NYSE,52,31,100,2/21/2021,6,15,91,94,11,13,1,32
FIRST REPUBLIC BANK,FRC^D,NYSE,15,91,37,1/1/2022,6,7,69,32,13,64,18,70
AVX Corporation,AVX,NYSE,73,88,45,3/29/2021,17,63,64,75,41,32,33,60
Gladstone Land Corporation,LANDP,NASDAQ,7,81,20,10/25/2021,65,13,82,44,62,40,44,27
"Cadence Design Systems, Inc.",CDNS,NASDAQ,33,35,42,10/25/2021,70,4,66,80,48,44,14,53
Mimecast Limited,MIME,NASDAQ,95,89,99,11/6/2021,34,40,87,76,69,22,96,80
Videocon d2h Limited,VDTH,NASDAQ,16,87,64,5/17/2021,53,30,54,50,44,85,17,44
ProQR Therapeutics N.V.,PRQR,NASDAQ,41,52,98,9/5/2021,95,21,21,99,5,11,50,60
United States Cellular Corporation,USM,NYSE,89,9,37,5/1/2021,49,23,25,46,6,52,61,59
"Energy Transfer Partners, L.P.",ETP,NYSE,85,52,18,5/10/2021,81,29,10,19,47,53,22,14
"OncoMed Pharmaceuticals, Inc.",OMED,NASDAQ,38,80,87,11/25/2021,86,1,13,10,38,31,24,13
"Cadence Design Systems, Inc.",CDNS,NASDAQ,25,5,39,2/10/2021,46,92,53,24,98,36,63,88
Invesco Mortgage Capital Inc.,IVR^A,NYSE,70,90,90,9/10/2021,15,72,62,11,80,100,1,100
Bunge Limited,BG,NYSE,70,65,29,5/31/2021,26,99,64,34,60,62,39,13
"Okta, Inc.",OKTA,NASDAQ,5,38,19,3/18/2021,74,26,88,42,49,40,72,50
"ChinaNet Online Holdings, Inc.",CNET,NASDAQ,31,76,13,5/21/2021,46,40,98,2,54,80,60,42
Open Text Corporation,OTEX,NASDAQ,34,37,28,5/14/2021,11,4,97,49,37,82,70,10
Nuveen Massachusetts Municipal Income Fund,NMT,NYSE,38,23,76,2/10/2021,40,22,49,25,75,100,84,100
Century Aluminum Company,CENX,NASDAQ,99,29,59,10/11/2021,33,51,80,74,10,50,9,34
"MetLife, Inc.",MET^A,NYSE,28,40,75,4/4/2021,35,4,71,93,14,93,86,74
Discover Financial Services,DFS^B,NYSE,76,49,28,3/3/2021,83,58,15,37,26,9,20,68
"Host Hotels & Resorts, Inc.",HST,NYSE,65,85,67,9/17/2021,47,35,1,91,57,21,82,41
"Maiden Holdings, Ltd.",MH^C,NYSE,25,13,94,12/31/2021,99,9,13,59,99,62,12,33
BiondVax Pharmaceuticals Ltd.,BVXVW,NASDAQ,26,57,82,2/17/2021,58,6,57,47,99,22,72,14
"Exelixis, Inc.",EXEL,NASDAQ,54,82,66,7/24/2021,25,55,49,89,5,78,94,1
Cimarex Energy Co,XEC,NYSE,80,16,28,7/1/2021,26,68,85,81,41,32,9,25
Anworth Mortgage Asset  Corporation,ANH,NYSE,69,37,37,7/25/2021,66,92,20,92,29,68,8,91
Landmark Infrastructure Partners LP,LMRK,NASDAQ,22,19,27,7/9/2021,67,55,40,4,88,43,55,29
"On Deck Capital, Inc.",ONDK,NYSE,99,9,83,3/22/2021,1,21,15,68,29,44,63,45
Grupo Aeroportuario del Centro Norte S.A.B. de C.V.,OMAB,NASDAQ,86,61,28,6/13/2021,24,61,1,64,90,81,15,93
MGIC Investment Corporation,MTG,NYSE,91,92,54,4/8/2021,67,96,28,80,29,64,92,3
"IES Holdings, Inc.",IESC,NASDAQ,5,64,53,11/7/2021,95,17,51,63,85,46,77,81
J P Morgan Chase & Co,JPM^E,NYSE,86,23,9,5/2/2021,23,85,31,84,26,12,53,79
C&F Financial Corporation,CFFI,NASDAQ,2,95,39,12/1/2021,94,84,90,23,43,29,62,13
"Rogers Communication, Inc.",RCI,NYSE,34,24,45,11/3/2021,65,43,29,74,80,19,32,97
"Southern First Bancshares, Inc.",SFST,NASDAQ,73,67,56,12/29/2021,65,36,3,8,63,30,88,15
CPS Technologies Corp.,CPSH,NASDAQ,57,36,20,9/7/2021,47,97,63,67,68,21,73,99
RH,RH,NYSE,36,94,54,10/16/2021,11,80,68,42,73,18,67,36
Vertex Pharmaceuticals Incorporated,VRTX,NASDAQ,53,70,36,1/25/2021,83,77,69,68,9,87,84,38
Arthur J. Gallagher & Co.,AJG,NYSE,44,88,53,2/6/2021,32,71,96,56,80,55,30,57
FelCor Lodging Trust Incorporated,FCH,NYSE,8,3,87,12/16/2021,88,27,57,82,93,29,24,83
Quinpario Acquisition Corp. 2,QPACU,NASDAQ,22,18,10,6/2/2021,59,65,33,56,61,67,80,37
Keysight Technologies Inc.,KEYS,NYSE,58,91,63,1/1/2022,26,94,66,88,1,56,30,67
PacWest Bancorp,PACW,NASDAQ,65,60,99,9/5/2021,65,76,61,43,65,45,79,29
Nuveen Select Maturities Municipal Fund,NIM,NYSE,42,55,4,10/10/2021,7,78,85,28,90,90,74,70
Five Star Senior Living Inc.,FVE,NASDAQ,19,29,32,3/8/2021,16,26,52,53,88,64,30,27
"Wheeler Real Estate Investment Trust, Inc.",WHLRD,NASDAQ,24,41,48,12/8/2021,39,79,29,49,9,60,61,46
STMicroelectronics N.V.,STM,NYSE,61,21,77,3/18/2021,72,77,8,22,60,42,21,34
Grupo Televisa S.A.,TV,NYSE,100,87,17,2/16/2021,91,71,89,41,34,99,23,85
HSBC Holdings plc,HSBC^A,NYSE,61,54,63,12/23/2021,76,77,95,33,100,62,30,40
UBS AG,UBS,NYSE,26,54,14,3/23/2021,22,48,82,93,19,28,99,68
"Beneficial Bancorp, Inc.",BNCL,NASDAQ,30,30,77,7/1/2021,89,57,17,46,23,43,7,68
WPP plc,WPPGY,NASDAQ,82,100,76,1/16/2021,94,37,23,19,20,92,27,65
"Dominion Energy, Inc.",DCUC,NYSE,71,49,23,9/26/2021,71,94,62,63,10,73,80,57
"Autodesk, Inc.",ADSK,NASDAQ,38,3,99,7/19/2021,90,58,89,79,94,28,18,90
"Zillow Group, Inc.",ZG,NASDAQ,11,94,4,6/30/2021,19,69,56,26,96,27,66,30
Stepan Company,SCL,NYSE,26,91,22,11/22/2021,100,20,18,97,34,93,49,74
"BGC Partners, Inc.",BGCA,NYSE,95,70,34,2/16/2021,65,58,36,23,16,98,92,86
Murphy USA Inc.,MUSA,NYSE,21,96,23,1/26/2021,82,33,36,2,94,68,26,36
Concho Resources Inc.,CXO,NYSE,91,77,81,6/13/2021,97,78,13,35,70,99,43,24
"CVR Refining, LP",CVRR,NYSE,40,72,95,11/12/2021,94,71,52,65,50,44,66,51
Alliant Energy Corporation,LNT,NYSE,19,43,88,1/7/2022,4,98,57,69,86,64,37,29
"QTS Realty Trust, Inc.",QTS,NYSE,83,69,69,3/9/2021,15,22,39,39,33,26,33,5
Infinity Property and Casualty Corporation,IPCC,NASDAQ,94,45,11,9/12/2021,97,1,65,68,12,83,100,55
Cincinnati Financial Corporation,CINF,NASDAQ,17,70,84,4/2/2021,75,79,72,54,6,19,30,66
"Kura Oncology, Inc.",KURA,NASDAQ,56,79,19,8/15/2021,61,71,8,4,11,90,70,79
NASDAQ TEST STOCK,NTEST.B,NYSE,62,60,59,2/11/2021,8,8,18,37,82,20,32,71
Intel Corporation,INTC,NASDAQ,54,11,5,4/8/2021,21,46,68,98,84,34,88,60
UGI Corporation,UGI,NYSE,23,94,12,7/24/2021,19,15,16,37,90,70,64,90
Destination Maternity Corporation,DEST,NASDAQ,46,70,60,3/6/2021,23,57,57,8,1,55,32,72
Duke Energy Corporation,DUK,NYSE,57,21,30,2/16/2021,47,2,71,19,29,52,23,61
Arlington Asset Investment Corp,AIC,NYSE,100,37,40,5/28/2021,77,43,59,47,3,1,53,57
"Bellerophon Therapeutics, Inc.",BLPH,NASDAQ,55,80,76,7/4/2021,92,63,23,65,12,99,64,43
"Redwood Trust, Inc.",RWT,NYSE,12,24,34,4/17/2021,54,9,89,91,26,96,78,5
PowerShares Russell 1000 Low Beta Equal Weight Portfolio,USLB,NASDAQ,49,93,2,3/31/2021,53,10,93,86,52,18,82,67
"America First Multifamily Investors, L.P.",ATAX,NASDAQ,15,43,21,12/28/2021,18,39,19,23,77,38,8,29
Select Income REIT,SIR,NASDAQ,53,87,97,9/12/2021,92,85,76,11,23,95,8,17
Primero Mining Corp,PPP,NYSE,1,37,44,7/21/2021,85,61,4,57,14,77,20,73
TransAlta Corporation,TAC,NYSE,100,79,62,4/27/2021,28,10,62,93,51,80,97,98
Canadian Imperial Bank of Commerce,CM,NYSE,21,6,19,12/9/2021,4,41,22,23,29,44,8,27
"Celsius Holdings, Inc.",CELH,NASDAQ,71,40,51,4/13/2021,33,59,47,65,93,54,43,32
